timestamp,cpu_usage,memory_usage,disk_io,network_rx,latency_ms,error_rate,is_anomaly
2026-01-12T08:00:00+08:00,43.54849,55.64802,115.75226,77.82169,22.24407,0.16307,0
2026-01-12T08:01:00+08:00,43.80557,56.83551,113.23133,73.26296,25.02164,0.19217,0
2026-01-12T08:02:00+08:00,44.26483,58.95655,116.95692,74.05923,24.79027,0.17163,0
2026-01-12T08:03:00+08:00,46.28787,57.66652,114.97663,75.3953,25.78295,0.18409,0
2026-01-12T08:04:00+08:00,44.48178,57.5077,119.81074,79.31458,25.27257,0.19365,0
2026-01-12T08:05:00+08:00,49.63471,57.66298,115.7925,76.52975,25.66628,0.2046,0
2026-01-12T08:06:00+08:00,46.07818,57.31492,115.38224,81.64218,25.98224,0.19879,0
2026-01-12T08:07:00+08:00,45.56147,58.91298,121.17631,81.02662,26.28804,0.19633,0
2026-01-12T08:08:00+08:00,48.42647,58.88975,123.05571,82.90019,24.37033,0.19086,0
2026-01-12T08:09:00+08:00,46.76851,58.14739,121.17326,86.07793,25.06682,0.20907,0
2026-01-12T08:10:00+08:00,44.95971,58.70274,124.2169,83.88563,26.63565,0.20813,0
2026-01-12T08:11:00+08:00,47.69552,58.68033,128.45725,82.0307,24.98117,0.18428,0
2026-01-12T08:12:00+08:00,46.96145,60.05337,125.54977,85.09498,25.86206,0.20212,0
2026-01-12T08:13:00+08:00,49.99343,59.11244,127.695,81.39618,26.0202,0.19599,0
2026-01-12T08:14:00+08:00,46.92273,60.23674,123.53925,83.7164,26.86277,0.2075,0
2026-01-12T08:15:00+08:00,50.43765,59.54624,124.14627,83.67507,24.97738,0.18347,0
2026-01-12T08:16:00+08:00,46.98109,58.43013,128.54047,81.37206,26.20443,0.21961,0
2026-01-12T08:17:00+08:00,48.80091,60.71971,122.0569,83.58681,25.72185,0.1986,0
2026-01-12T08:18:00+08:00,50.99472,57.53255,128.9885,84.97344,26.05813,0.18435,0
2026-01-12T08:19:00+08:00,49.61373,59.09047,127.98372,84.32827,28.03516,0.20005,0
2026-01-12T08:20:00+08:00,47.60756,59.99728,127.84251,88.29164,27.33154,0.20767,0
2026-01-12T08:21:00+08:00,52.0169,58.19016,123.39085,81.33878,26.20235,0.1849,0
2026-01-12T08:22:00+08:00,50.42977,59.40532,119.0151,80.93397,26.79676,0.21335,0
2026-01-12T08:23:00+08:00,52.75824,63.42979,128.16147,80.83728,24.54681,0.20549,0
2026-01-12T08:24:00+08:00,47.55648,59.03994,122.699,83.1773,27.36729,0.20354,0
2026-01-12T08:25:00+08:00,48.57206,58.16405,117.01539,81.90908,26.29464,0.2239,0
2026-01-12T08:26:00+08:00,48.91644,60.71268,122.49083,79.56224,25.40417,0.19086,0
2026-01-12T08:27:00+08:00,52.32849,58.28816,128.75758,80.14443,27.03731,0.20464,0
2026-01-12T08:28:00+08:00,48.02602,59.22185,120.85856,83.92103,25.7137,0.18302,0
2026-01-12T08:29:00+08:00,45.81829,59.41804,131.59506,82.79223,25.94066,0.202,0
2026-01-12T08:30:00+08:00,50.28424,59.39953,121.22178,85.36663,26.35925,0.21758,0
2026-01-12T08:31:00+08:00,48.08657,57.4468,116.03177,86.74814,27.454,0.19465,0
2026-01-12T08:32:00+08:00,46.90278,60.8681,116.96196,78.87656,26.416,0.19127,0
2026-01-12T08:33:00+08:00,47.43526,58.6923,123.84667,85.5717,25.85932,0.20424,0
2026-01-12T08:34:00+08:00,43.62571,58.78639,117.64904,77.5093,24.93607,0.19107,0
2026-01-12T08:35:00+08:00,48.8588,57.08005,121.77642,79.56203,25.38917,0.20807,0
2026-01-12T08:36:00+08:00,48.09817,60.50843,120.66647,78.81155,25.45035,0.1979,0
2026-01-12T08:37:00+08:00,47.39415,57.33729,121.76975,81.508,27.89625,0.21896,0
2026-01-12T08:38:00+08:00,45.51627,58.36302,113.94476,79.01661,25.90489,0.21015,0
2026-01-12T08:39:00+08:00,45.74574,57.88879,110.5392,80.30928,24.66706,0.18761,0
2026-01-12T08:40:00+08:00,45.51653,58.63241,112.57109,76.4487,27.55428,0.17789,0
2026-01-12T08:41:00+08:00,45.18835,61.17194,136.03977,77.43182,25.3336,0.19931,0
2026-01-12T08:42:00+08:00,50.37233,57.54309,120.51229,83.41869,26.09556,0.19033,0
2026-01-12T08:43:00+08:00,47.14734,57.0933,120.83934,80.46972,25.96424,0.18845,0
2026-01-12T08:44:00+08:00,48.39245,60.26382,123.1627,82.54624,25.86531,0.19623,0
2026-01-12T08:45:00+08:00,46.42623,59.43646,122.31365,88.02956,27.30603,0.20189,0
2026-01-12T08:46:00+08:00,46.5563,57.66664,129.22384,82.83082,26.40405,0.17493,0
2026-01-12T08:47:00+08:00,49.82444,59.80005,118.23081,80.94978,26.29936,0.19909,0
2026-01-12T08:48:00+08:00,47.87153,59.17865,123.07712,83.16832,27.48332,0.16591,0
2026-01-12T08:49:00+08:00,48.22698,59.65232,126.40183,81.96042,24.68028,0.20445,0
2026-01-12T08:50:00+08:00,52.02792,57.54256,129.84757,82.4697,26.31228,0.18745,0
2026-01-12T08:51:00+08:00,48.58733,61.34264,129.06037,89.03887,27.53541,0.20781,0
2026-01-12T08:52:00+08:00,52.59999,60.33965,130.90772,83.34015,26.64425,0.19401,0
2026-01-12T08:53:00+08:00,51.51008,58.35199,131.29194,84.04066,27.74566,0.21379,0
2026-01-12T08:54:00+08:00,53.26572,60.9451,120.11365,84.7828,25.74062,0.19822,0
2026-01-12T08:55:00+08:00,52.95574,60.92974,125.0437,82.29532,26.92372,0.19003,0
2026-01-12T08:56:00+08:00,49.2572,60.60501,134.83999,87.49093,24.92394,0.21062,0
2026-01-12T08:57:00+08:00,50.80304,60.82665,137.6202,79.77226,26.53736,0.21509,0
2026-01-12T08:58:00+08:00,48.0089,62.28549,131.79783,88.76228,26.62846,0.21864,0
2026-01-12T08:59:00+08:00,52.93178,60.73497,131.47723,87.25179,26.4264,0.20668,0
2026-01-12T09:00:00+08:00,50.85357,60.98189,135.57766,83.43598,27.13874,0.22829,0
2026-01-12T09:01:00+08:00,49.87284,59.4502,131.78022,89.26358,27.2948,0.2266,0
2026-01-12T09:02:00+08:00,52.79755,61.63236,133.63989,93.77627,27.11748,0.18344,0
2026-01-12T09:03:00+08:00,54.14551,59.94407,131.41449,90.72558,25.86111,0.19322,0
2026-01-12T09:04:00+08:00,48.33475,59.48922,132.98002,88.31121,27.53547,0.19098,0
2026-01-12T09:05:00+08:00,46.97344,60.55564,128.22769,87.99476,27.88441,0.21084,0
2026-01-12T09:06:00+08:00,52.36902,60.72688,132.93783,84.31567,27.03866,0.21113,0
2026-01-12T09:07:00+08:00,52.30127,59.84142,132.48999,85.38008,27.02394,0.21873,0
2026-01-12T09:08:00+08:00,47.01506,58.57283,121.96637,78.85996,26.43059,0.21689,0
2026-01-12T09:09:00+08:00,49.82364,60.40131,134.21507,89.46367,26.87235,0.2238,0
2026-01-12T09:10:00+08:00,50.19318,58.9231,125.09051,80.59746,26.01162,0.20044,0
2026-01-12T09:11:00+08:00,51.12375,62.0987,120.35149,85.71748,25.73443,0.21002,0
2026-01-12T09:12:00+08:00,49.05281,57.31501,131.0158,82.16895,26.035,0.18855,0
2026-01-12T09:13:00+08:00,47.68698,60.0697,124.45879,84.36412,26.67161,0.21811,0
2026-01-12T09:14:00+08:00,47.79146,57.398,129.69834,81.73193,27.16652,0.2043,0
2026-01-12T09:15:00+08:00,47.68784,59.56365,133.00966,88.26507,26.032,0.19967,0
2026-01-12T09:16:00+08:00,49.35228,57.7928,123.75689,81.22962,26.04854,0.18493,0
2026-01-12T09:17:00+08:00,44.02514,55.9707,115.29618,79.17591,25.29067,0.21906,0
2026-01-12T09:18:00+08:00,48.33324,57.18176,121.37843,78.55369,25.08105,0.19435,0
2026-01-12T09:19:00+08:00,46.90263,57.75387,123.6921,75.55721,25.12095,0.22373,0
2026-01-12T09:20:00+08:00,45.62981,59.81815,117.55078,79.92557,24.8402,0.18574,0
2026-01-12T09:21:00+08:00,43.26476,58.27417,111.55449,79.37936,25.64389,0.19072,0
2026-01-12T09:22:00+08:00,43.59645,58.0666,112.99767,79.39479,22.79642,0.17961,0
2026-01-12T09:23:00+08:00,39.98125,55.29844,120.11007,78.49228,23.57835,0.16248,0
2026-01-12T09:24:00+08:00,37.69534,56.30695,124.17406,76.34965,23.50898,0.18616,0
2026-01-12T09:25:00+08:00,39.70677,56.40626,111.39224,74.05098,24.51832,0.18275,0
2026-01-12T09:26:00+08:00,43.22686,55.68677,114.25792,78.49234,22.73641,0.16497,0
2026-01-12T09:27:00+08:00,43.96184,56.13301,115.72181,71.61158,24.73251,0.17656,0
2026-01-12T09:28:00+08:00,41.58544,58.22869,105.89544,69.49181,22.84454,0.17917,0
2026-01-12T09:29:00+08:00,37.8981,56.85005,104.08663,75.18124,20.93175,0.16162,0
2026-01-12T09:30:00+08:00,37.31184,54.78911,107.17544,70.67301,22.71095,0.16846,0
2026-01-12T09:31:00+08:00,40.38184,54.40994,108.71309,72.72478,23.15283,0.17658,0
2026-01-12T09:32:00+08:00,40.25632,58.24107,104.07371,69.39699,22.01093,0.15488,0
2026-01-12T09:33:00+08:00,37.22948,54.33151,103.57695,70.95936,22.63384,0.15744,0
2026-01-12T09:34:00+08:00,40.87681,56.35687,102.64513,67.69336,22.99618,0.16907,0
2026-01-12T09:35:00+08:00,36.47685,55.23312,104.35814,66.70589,22.60425,0.1471,0
2026-01-12T09:36:00+08:00,41.35502,56.88657,101.48001,70.30449,20.21103,0.1505,0
2026-01-12T09:37:00+08:00,38.32569,53.82958,106.09653,75.06973,21.28284,0.15431,0
2026-01-12T09:38:00+08:00,39.21938,57.29255,96.27801,69.74079,23.9574,0.14351,0
2026-01-12T09:39:00+08:00,36.46502,54.63686,99.73065,71.3963,22.52587,0.14182,0
2026-01-12T09:40:00+08:00,39.7057,54.43975,108.72185,67.08575,21.73823,0.17196,0
2026-01-12T09:41:00+08:00,40.18681,55.78833,94.00297,70.63345,21.39454,0.16811,0
2026-01-12T09:42:00+08:00,36.31156,55.81205,98.53679,65.25821,22.99215,0.16841,0
2026-01-12T09:43:00+08:00,37.85128,57.15358,100.55431,69.31981,22.6246,0.1575,0
2026-01-12T09:44:00+08:00,39.90406,54.61623,100.92699,73.45367,21.48588,0.13455,0
2026-01-12T09:45:00+08:00,42.06852,58.6722,101.21671,63.71639,22.1881,0.1626,0
2026-01-12T09:46:00+08:00,38.9487,53.96284,106.4191,71.27433,21.17126,0.17584,0
2026-01-12T09:47:00+08:00,43.11165,55.6879,102.12324,69.45515,23.12046,0.1447,0
2026-01-12T09:48:00+08:00,39.83909,55.0109,113.33783,69.53917,24.11837,0.15331,0
2026-01-12T09:49:00+08:00,40.7224,55.98608,100.03267,70.76838,23.7574,0.16388,0
2026-01-12T09:50:00+08:00,36.73352,55.59676,100.12571,69.37162,22.63819,0.14632,0
2026-01-12T09:51:00+08:00,36.97211,56.28967,102.25566,62.84905,23.45848,0.1724,0
2026-01-12T09:52:00+08:00,38.68032,53.98753,109.24257,71.71276,24.93046,0.17462,0
2026-01-12T09:53:00+08:00,40.72842,55.51037,109.29658,72.63319,23.93877,0.16262,0
2026-01-12T09:54:00+08:00,39.28922,55.12272,109.26361,75.31362,22.41622,0.16402,0
2026-01-12T09:55:00+08:00,40.65509,55.43326,110.10826,64.08716,22.09186,0.15943,0
2026-01-12T09:56:00+08:00,35.90201,54.49527,100.74686,70.22334,23.83313,0.16638,0
2026-01-12T09:57:00+08:00,38.1824,55.65647,110.47526,67.8405,21.99563,0.17668,0
2026-01-12T09:58:00+08:00,39.56728,56.54147,104.99702,72.77078,21.85485,0.16901,0
2026-01-12T09:59:00+08:00,39.48319,54.07467,97.01103,72.57501,22.42912,0.1555,0
2026-01-12T10:00:00+08:00,39.55364,57.06361,93.11462,65.83403,21.86011,0.18731,0
2026-01-12T10:01:00+08:00,40.06798,56.52294,98.4348,66.72614,23.02676,0.16847,0
2026-01-12T10:02:00+08:00,40.34869,55.19644,105.0729,70.27572,23.24437,0.17749,0
2026-01-12T10:03:00+08:00,36.21725,52.42127,108.16991,73.03891,21.53465,0.14201,0
2026-01-12T10:04:00+08:00,39.05564,56.44325,111.56485,70.65944,22.01641,0.15367,0
2026-01-12T10:05:00+08:00,38.61703,54.72371,96.85933,74.85544,23.84522,0.17904,0
2026-01-12T10:06:00+08:00,36.63542,56.09422,104.43915,69.60328,23.24188,0.17145,0
2026-01-12T10:07:00+08:00,39.30223,55.67235,102.20729,62.46375,22.06334,0.15481,0
2026-01-12T10:08:00+08:00,35.3281,56.88571,108.37484,71.40883,22.08242,0.17839,0
2026-01-12T10:09:00+08:00,37.30341,54.81294,93.46227,68.02199,21.76703,0.14264,0
2026-01-12T10:10:00+08:00,36.83195,54.2924,107.10005,69.00279,21.57994,0.16153,0
2026-01-12T10:11:00+08:00,36.643,53.97768,91.87567,65.35172,20.75388,0.14076,0
2026-01-12T10:12:00+08:00,37.12442,54.59617,87.53325,64.92369,22.17782,0.1695,0
2026-01-12T10:13:00+08:00,37.69768,53.98681,91.43461,61.5363,21.45062,0.1594,0
2026-01-12T10:14:00+08:00,37.82617,55.21953,94.21651,60.56591,20.71639,0.15607,0
2026-01-12T10:15:00+08:00,34.81849,52.89827,95.39526,62.3199,20.30764,0.15613,0
2026-01-12T10:16:00+08:00,34.15193,53.83542,94.79578,59.97531,20.31709,0.16968,0
2026-01-12T10:17:00+08:00,32.50142,50.64542,83.47515,63.07756,20.66509,0.14845,0
2026-01-12T10:18:00+08:00,36.52485,49.81359,94.1838,67.3119,19.52072,0.14413,0
2026-01-12T10:19:00+08:00,32.76258,52.03068,90.06647,66.59357,22.10076,0.14391,0
2026-01-12T10:20:00+08:00,37.36119,53.16,100.04178,61.76593,20.49078,0.15237,0
2026-01-12T10:21:00+08:00,39.50723,54.15751,87.4015,64.74313,19.98847,0.14072,0
2026-01-12T10:22:00+08:00,35.31558,53.04617,92.09024,61.72781,20.57496,0.15224,0
2026-01-12T10:23:00+08:00,30.13211,53.84597,85.64683,57.27118,20.19489,0.14759,0
2026-01-12T10:24:00+08:00,32.35434,54.0529,83.80946,60.35438,19.71467,0.14583,0
2026-01-12T10:25:00+08:00,34.13517,51.6754,94.21161,61.80788,18.55053,0.12109,0
2026-01-12T10:26:00+08:00,33.68877,52.73172,90.25077,61.64597,20.48738,0.15914,0
2026-01-12T10:27:00+08:00,31.83588,51.54895,85.5868,62.77513,21.4548,0.14166,0
2026-01-12T10:28:00+08:00,29.5044,50.93086,87.28044,60.48033,20.03544,0.14839,0
2026-01-12T10:29:00+08:00,33.66349,54.60327,88.56194,59.87681,20.92084,0.1287,0
2026-01-12T10:30:00+08:00,35.18721,53.48436,91.80168,67.60163,20.03432,0.17638,0
2026-01-12T10:31:00+08:00,34.38292,51.82075,93.58091,60.04084,20.0389,0.15584,0
2026-01-12T10:32:00+08:00,36.13085,52.81867,98.95029,67.23081,22.14499,0.15878,0
2026-01-12T10:33:00+08:00,37.96315,51.34452,93.28813,61.69753,21.11089,0.14582,0
2026-01-12T10:34:00+08:00,35.62063,56.41242,94.96789,66.12668,20.95884,0.1557,0
2026-01-12T10:35:00+08:00,36.36996,54.73673,102.6474,70.45522,21.62231,0.16395,0
2026-01-12T10:36:00+08:00,34.75147,54.23848,102.58264,68.77365,21.71966,0.16946,0
2026-01-12T10:37:00+08:00,38.19032,56.12052,100.43409,65.79996,22.02503,0.12157,0
2026-01-12T10:38:00+08:00,38.49542,50.03116,91.5112,68.93563,22.35227,0.14634,0
2026-01-12T10:39:00+08:00,37.0343,56.77431,98.87376,75.03745,22.12471,0.16858,0
2026-01-12T10:40:00+08:00,41.74203,55.3839,97.46063,68.71603,22.30061,0.14737,0
2026-01-12T10:41:00+08:00,38.88755,54.47003,108.27448,69.88677,22.2847,0.16558,0
2026-01-12T10:42:00+08:00,40.26209,56.45634,99.82537,67.39019,23.7384,0.16343,0
2026-01-12T10:43:00+08:00,37.8139,56.44733,108.29219,66.64244,23.15222,0.18015,0
2026-01-12T10:44:00+08:00,41.52867,56.90219,100.07529,72.92851,22.86955,0.16606,0
2026-01-12T10:45:00+08:00,42.8949,58.20644,117.14991,76.55571,23.2324,0.17861,0
2026-01-12T10:46:00+08:00,43.15991,56.63452,109.86441,75.72788,23.4585,0.16616,0
2026-01-12T10:47:00+08:00,41.46031,57.48395,110.20094,74.88687,24.28562,0.17229,0
2026-01-12T10:48:00+08:00,43.96615,57.32317,104.92285,78.76249,23.39129,0.15707,0
2026-01-12T10:49:00+08:00,41.09141,55.66085,112.19797,74.13914,23.68585,0.18796,0
2026-01-12T10:50:00+08:00,43.91861,57.54236,114.75049,77.28674,22.22558,0.17636,0
2026-01-12T10:51:00+08:00,39.68182,57.30668,113.36242,79.00259,25.31135,0.1848,0
2026-01-12T10:52:00+08:00,42.96866,58.00327,111.3474,76.23769,25.23525,0.17585,0
2026-01-12T10:53:00+08:00,45.54571,58.35012,109.73001,79.48666,25.0669,0.18524,0
2026-01-12T10:54:00+08:00,42.91239,56.43356,112.24786,78.46289,23.65377,0.19028,0
2026-01-12T10:55:00+08:00,42.20182,57.35056,115.83276,84.38821,23.33521,0.20427,0
2026-01-12T10:56:00+08:00,44.82334,58.20036,116.14288,78.55364,24.48313,0.20445,0
2026-01-12T10:57:00+08:00,43.81432,59.17303,112.51752,77.15634,23.68962,0.19176,0
2026-01-12T10:58:00+08:00,47.2872,57.622,114.86922,74.06468,24.46803,0.16532,0
2026-01-12T10:59:00+08:00,43.06287,58.02598,122.4946,85.86484,24.15449,0.20475,0
2026-01-12T11:00:00+08:00,45.13779,57.53154,118.04649,77.61295,24.77897,0.18076,0
2026-01-12T11:01:00+08:00,42.15159,55.70822,119.07922,76.55302,24.13079,0.18607,0
2026-01-12T11:02:00+08:00,46.04792,57.92749,112.41582,80.98894,26.06808,0.1922,0
2026-01-12T11:03:00+08:00,46.30205,59.2786,121.19212,79.05581,25.1583,0.19229,0
2026-01-12T11:04:00+08:00,42.4943,58.54073,108.5798,74.71549,25.76101,0.19617,0
2026-01-12T11:05:00+08:00,47.05873,57.23886,109.39627,76.25213,24.64439,0.18596,0
2026-01-12T11:06:00+08:00,46.33013,57.08299,116.70762,73.87627,24.92109,0.18465,0
2026-01-12T11:07:00+08:00,42.8485,57.20692,113.81777,75.90119,26.07347,0.183,0
2026-01-12T11:08:00+08:00,43.67269,54.74976,110.07,75.79893,23.82741,0.20193,0
2026-01-12T11:09:00+08:00,43.73749,59.11828,114.67281,76.58936,24.33383,0.18374,0
2026-01-12T11:10:00+08:00,47.06408,54.40033,104.20999,74.75656,24.40118,0.19244,0
2026-01-12T11:11:00+08:00,44.77476,56.89614,119.2054,79.40945,24.53493,0.19581,0
2026-01-12T11:12:00+08:00,44.38758,56.65442,117.53894,76.613,24.35993,0.20235,0
2026-01-12T11:13:00+08:00,39.48276,55.5403,108.10883,75.18783,24.12859,0.1636,0
2026-01-12T11:14:00+08:00,42.14535,56.27461,126.38685,81.71756,23.99688,0.17855,0
2026-01-12T11:15:00+08:00,41.9036,54.93607,113.63769,73.39525,24.3125,0.16267,0
2026-01-12T11:16:00+08:00,42.68537,57.64618,116.24687,77.7623,23.23433,0.19489,0
2026-01-12T11:17:00+08:00,42.73401,58.32603,114.63113,72.54854,24.18518,0.18894,0
2026-01-12T11:18:00+08:00,45.42889,57.38481,122.68874,79.91619,24.29923,0.19449,0
2026-01-12T11:19:00+08:00,47.99169,60.19614,109.31339,74.37877,25.94077,0.17164,0
2026-01-12T11:20:00+08:00,42.34963,57.10946,118.05588,77.16453,24.10657,0.17741,0
2026-01-12T11:21:00+08:00,43.70073,56.70647,127.94059,78.7253,25.59126,0.18072,0
2026-01-12T11:22:00+08:00,44.93316,57.04433,103.92518,74.1058,23.27759,0.15885,0
2026-01-12T11:23:00+08:00,43.43167,59.82958,117.68255,82.56215,25.40321,0.1994,0
2026-01-12T11:24:00+08:00,44.30544,58.93559,122.33397,77.45156,25.67441,0.19781,0
2026-01-12T11:25:00+08:00,45.30718,56.95313,113.61394,79.96863,25.61286,0.18147,0
2026-01-12T11:26:00+08:00,46.73603,59.32234,123.52106,84.92446,26.62455,0.18016,0
2026-01-12T11:27:00+08:00,50.12936,58.06641,126.5933,81.05954,25.26863,0.17114,0
2026-01-12T11:28:00+08:00,47.21589,56.91196,127.17867,86.01424,25.09266,0.20009,0
2026-01-12T11:29:00+08:00,46.65567,58.30927,127.21275,81.97206,27.55023,0.19145,0
2026-01-12T11:30:00+08:00,50.2033,59.44285,128.33203,81.37924,26.1172,0.1978,0
2026-01-12T11:31:00+08:00,47.34457,60.36762,128.62146,85.13705,27.72306,0.21973,0
2026-01-12T11:32:00+08:00,48.61666,60.18135,123.2627,84.05801,25.97685,0.22353,0
2026-01-12T11:33:00+08:00,50.38064,59.59913,133.34177,78.0967,24.8777,0.21437,0
2026-01-12T11:34:00+08:00,50.25681,60.389,121.70623,85.14168,28.66235,0.21624,0
2026-01-12T11:35:00+08:00,50.85828,59.66615,127.29071,79.40214,27.253,0.21797,0
2026-01-12T11:36:00+08:00,48.09984,59.54128,124.35201,83.44103,27.22252,0.18125,0
2026-01-12T11:37:00+08:00,52.39873,61.53417,129.70001,79.40508,26.42044,0.22565,0
2026-01-12T11:38:00+08:00,46.61958,60.24249,125.80279,89.72796,26.84039,0.21604,0
2026-01-12T11:39:00+08:00,52.9308,63.20694,131.35778,88.86094,26.22864,0.22731,0
2026-01-12T11:40:00+08:00,50.7997,60.20043,132.8456,83.40937,27.87334,0.22532,0
2026-01-12T11:41:00+08:00,52.91122,58.95612,132.82995,90.63171,26.06338,0.19954,0
2026-01-12T11:42:00+08:00,54.13416,61.44672,135.90302,94.23046,28.24425,0.22268,0
2026-01-12T11:43:00+08:00,57.56327,60.87231,130.14528,90.11757,28.26866,0.20774,0
2026-01-12T11:44:00+08:00,50.90673,64.18782,135.95433,86.75321,28.73036,0.21346,0
2026-01-12T11:45:00+08:00,52.34358,61.93043,127.93778,90.05612,29.64117,0.22106,0
2026-01-12T11:46:00+08:00,52.10749,60.5342,132.31327,88.21622,27.57384,0.22686,0
2026-01-12T11:47:00+08:00,49.60313,62.28756,132.32535,90.02071,26.87487,0.232,0
2026-01-12T11:48:00+08:00,54.85631,62.36782,126.40147,91.22189,28.21004,0.19347,0
2026-01-12T11:49:00+08:00,52.41598,61.52806,136.40257,89.04566,28.04599,0.23294,0
2026-01-12T11:50:00+08:00,54.46818,57.24197,131.58155,87.73651,26.12764,0.2143,0
2026-01-12T11:51:00+08:00,54.26906,59.45373,134.30212,85.1401,27.0038,0.23143,0
2026-01-12T11:52:00+08:00,50.76581,61.34762,122.62657,93.07611,28.03935,0.20885,0
2026-01-12T11:53:00+08:00,52.46386,58.77918,137.17636,86.06786,27.18749,0.20371,0
2026-01-12T11:54:00+08:00,50.03611,61.36648,131.75104,88.49993,27.2246,0.21553,0
2026-01-12T11:55:00+08:00,49.95267,63.20148,121.77542,89.79223,28.31375,0.19645,0
2026-01-12T11:56:00+08:00,54.32074,61.42616,133.5598,85.52413,26.72771,0.20338,0
2026-01-12T11:57:00+08:00,50.59307,61.77445,128.6554,82.10868,27.49803,0.21658,0
2026-01-12T11:58:00+08:00,50.63582,60.73662,125.4052,81.43794,25.8016,0.1818,0
2026-01-12T11:59:00+08:00,49.44127,59.46927,123.54808,74.72566,25.28332,0.21605,0
2026-01-12T12:00:00+08:00,47.37056,59.85458,117.77088,87.26881,26.09713,0.20365,0
2026-01-12T12:01:00+08:00,52.30498,61.16505,122.16678,80.53259,25.75444,0.20491,0
2026-01-12T12:02:00+08:00,47.48511,58.48955,130.02052,81.33525,27.93944,0.19787,0
2026-01-12T12:03:00+08:00,50.4528,59.28133,126.50448,78.88221,24.92731,0.20112,0
2026-01-12T12:04:00+08:00,48.59643,58.68821,114.29268,76.37213,24.24239,0.17065,0
2026-01-12T12:05:00+08:00,46.60904,59.92483,119.73171,73.093,25.1931,0.19007,0
2026-01-12T12:06:00+08:00,49.80054,56.40333,116.96718,84.44291,25.61608,0.19814,0
2026-01-12T12:07:00+08:00,45.87396,58.57223,121.98567,76.38256,25.85734,0.17168,0
2026-01-12T12:08:00+08:00,45.92584,58.23298,114.25516,78.26734,24.37362,0.17441,0
2026-01-12T12:09:00+08:00,44.39489,56.43541,118.25719,74.45174,25.45334,0.1719,0
2026-01-12T12:10:00+08:00,43.74022,56.94211,122.64757,78.50452,24.51326,0.19277,0
2026-01-12T12:11:00+08:00,40.72774,57.59565,125.46344,77.56945,24.6694,0.19256,0
2026-01-12T12:12:00+08:00,45.92782,54.96718,106.59574,77.51048,23.8829,0.20176,0
2026-01-12T12:13:00+08:00,43.57772,54.97584,108.27716,68.38674,24.2473,0.18164,0
2026-01-12T12:14:00+08:00,43.24442,58.83474,120.29764,75.92949,22.48216,0.19163,0
2026-01-12T12:15:00+08:00,44.90492,57.79018,118.97659,72.79876,26.16999,0.17076,0
2026-01-12T12:16:00+08:00,45.18284,55.16398,109.25552,80.74088,24.09889,0.1939,0
2026-01-12T12:17:00+08:00,44.22015,57.20368,120.63327,75.42379,22.71479,0.17239,0
2026-01-12T12:18:00+08:00,44.77337,57.84897,105.95036,73.94301,23.78894,0.17804,0
2026-01-12T12:19:00+08:00,41.3177,56.52355,110.17259,78.44938,25.04595,0.18094,0
2026-01-12T12:20:00+08:00,43.12426,57.53759,109.81411,72.74512,23.48577,0.17471,0
2026-01-12T12:21:00+08:00,41.7903,57.58977,117.67042,71.50236,24.37644,0.1803,0
2026-01-12T12:22:00+08:00,44.56921,57.39225,106.91371,72.5764,24.40828,0.19678,0
2026-01-12T12:23:00+08:00,40.05024,57.89335,120.31559,76.0206,24.90949,0.17456,0
2026-01-12T12:24:00+08:00,43.90936,55.37462,102.84792,79.43432,23.56319,0.17809,0
2026-01-12T12:25:00+08:00,41.71994,55.68798,113.90918,74.54775,24.82639,0.19022,0
2026-01-12T12:26:00+08:00,44.88291,57.86963,122.87256,73.66204,24.47271,0.19939,0
2026-01-12T12:27:00+08:00,46.66555,55.74716,113.61395,81.05919,25.01302,0.1875,0
2026-01-12T12:28:00+08:00,44.07143,57.12817,116.78569,76.33325,24.54698,0.18625,0
2026-01-12T12:29:00+08:00,43.30233,58.34442,130.05204,71.84455,24.90075,0.17556,0
2026-01-12T12:30:00+08:00,45.60354,57.7309,119.38461,80.76111,24.79886,0.2003,0
2026-01-12T12:31:00+08:00,40.36387,59.74628,117.49498,80.49582,23.53555,0.17486,0
2026-01-12T12:32:00+08:00,44.84033,57.65398,117.02137,80.50731,23.04236,0.19829,0
2026-01-12T12:33:00+08:00,44.55817,57.39648,108.17188,78.71381,22.44461,0.19394,0
2026-01-12T12:34:00+08:00,41.79206,57.70286,114.78209,80.61982,24.43035,0.17625,0
2026-01-12T12:35:00+08:00,43.46731,59.24583,117.83393,75.81339,24.33888,0.16455,0
2026-01-12T12:36:00+08:00,44.94485,55.24607,118.60606,77.16529,26.6465,0.17015,0
2026-01-12T12:37:00+08:00,43.89107,59.79886,120.41606,74.44831,24.63191,0.18387,0
2026-01-12T12:38:00+08:00,44.37683,56.46428,113.54039,71.44771,24.46933,0.18895,0
2026-01-12T12:39:00+08:00,43.21647,55.16864,118.37311,76.9876,23.59691,0.17859,0
2026-01-12T12:40:00+08:00,40.64461,55.81517,110.10138,79.17929,23.56277,0.18956,0
2026-01-12T12:41:00+08:00,42.0613,57.3353,111.36221,77.66241,23.53078,0.15967,0
2026-01-12T12:42:00+08:00,40.19317,56.17171,105.02482,75.77446,23.45308,0.20973,0
2026-01-12T12:43:00+08:00,39.17118,56.96432,104.75811,72.51847,23.84691,0.14727,0
2026-01-12T12:44:00+08:00,42.31425,58.99719,107.19102,74.1908,24.47762,0.1739,0
2026-01-12T12:45:00+08:00,40.40461,53.3774,111.66288,72.4467,22.46872,0.17611,0
2026-01-12T12:46:00+08:00,39.93898,55.45145,110.43627,68.11286,24.13843,0.15465,0
2026-01-12T12:47:00+08:00,39.31667,58.43249,111.94429,71.73501,22.15734,0.16422,0
2026-01-12T12:48:00+08:00,40.14614,55.76917,104.72107,70.64214,22.61276,0.15059,0
2026-01-12T12:49:00+08:00,38.57841,56.69249,97.17691,69.44295,21.86547,0.16898,0
2026-01-12T12:50:00+08:00,38.29624,57.20452,105.38041,65.34428,23.00242,0.15563,0
2026-01-12T12:51:00+08:00,37.44337,55.47166,99.21431,71.22422,21.49572,0.15582,0
2026-01-12T12:52:00+08:00,36.79005,54.10961,106.00228,69.70284,23.52756,0.19152,0
2026-01-12T12:53:00+08:00,35.61404,54.72126,93.47746,64.76622,21.22066,0.1465,0
2026-01-12T12:54:00+08:00,35.08683,54.23253,92.15693,68.92671,20.76611,0.19503,0
2026-01-12T12:55:00+08:00,35.69645,54.31174,90.68659,70.84534,22.41113,0.16068,0
2026-01-12T12:56:00+08:00,33.63579,54.2996,90.53007,69.47283,21.95229,0.15646,0
2026-01-12T12:57:00+08:00,31.25236,52.56635,98.61101,68.12128,22.05339,0.13301,0
2026-01-12T12:58:00+08:00,35.78919,54.9972,85.98579,63.89971,21.14502,0.1484,0
2026-01-12T12:59:00+08:00,31.55551,53.10062,91.82495,62.96921,20.24863,0.14527,0
2026-01-12T13:00:00+08:00,34.49868,53.9624,91.20965,61.72842,20.71118,0.12492,0
2026-01-12T13:01:00+08:00,35.1502,53.26707,92.2934,65.44154,18.75908,0.12324,0
2026-01-12T13:02:00+08:00,34.54877,53.15757,92.40729,60.83637,21.02029,0.16018,0
2026-01-12T13:03:00+08:00,34.73639,52.74602,80.58206,64.25803,21.44565,0.15576,0
2026-01-12T13:04:00+08:00,32.13742,53.89912,95.09299,66.42041,19.49981,0.14392,0
2026-01-12T13:05:00+08:00,34.96847,53.05608,84.98109,62.84868,20.77015,0.14766,0
2026-01-12T13:06:00+08:00,33.96854,52.62366,97.84463,58.8312,19.70073,0.14648,0
2026-01-12T13:07:00+08:00,35.15231,51.01207,83.89466,55.41566,20.2575,0.13178,0
2026-01-12T13:08:00+08:00,32.92101,53.83688,87.33674,62.28413,19.97588,0.15521,0
2026-01-12T13:09:00+08:00,34.55614,52.11516,89.90168,64.84681,20.6344,0.12863,0
2026-01-12T13:10:00+08:00,35.01149,51.6606,98.10573,64.97427,20.59345,0.1493,0
2026-01-12T13:11:00+08:00,33.62593,54.02588,89.57969,62.8527,21.18562,0.14056,0
2026-01-12T13:12:00+08:00,33.1013,51.68037,86.58722,56.95831,21.14102,0.17212,0
2026-01-12T13:13:00+08:00,37.01843,51.22302,96.08791,67.05609,20.17001,0.15079,0
2026-01-12T13:14:00+08:00,31.11149,53.80063,87.76952,63.77848,19.2852,0.15751,0
2026-01-12T13:15:00+08:00,36.86916,52.56402,88.0869,57.13912,20.57024,0.14396,0
2026-01-12T13:16:00+08:00,32.55475,54.30889,92.25662,60.83934,20.43952,0.16659,0
2026-01-12T13:17:00+08:00,36.77117,53.69635,98.37755,61.06853,21.10349,0.15579,0
2026-01-12T13:18:00+08:00,35.19264,54.58253,92.18548,66.58424,21.71201,0.11721,0
2026-01-12T13:19:00+08:00,38.54184,50.2092,93.83241,68.64646,21.07416,0.13737,0
2026-01-12T13:20:00+08:00,34.7953,55.66242,88.13882,69.47844,21.45602,0.14223,0
2026-01-12T13:21:00+08:00,36.07832,53.16101,102.90925,68.80861,20.10393,0.15378,0
2026-01-12T13:22:00+08:00,35.93276,56.31863,92.6472,71.93625,21.76463,0.1452,0
2026-01-12T13:23:00+08:00,36.61629,53.74449,93.82206,67.90645,20.82903,0.13321,0
2026-01-12T13:24:00+08:00,37.48709,52.5865,97.20035,65.37341,21.28411,0.18876,0
2026-01-12T13:25:00+08:00,38.58963,55.3853,92.80506,66.59252,22.38901,0.15057,0
2026-01-12T13:26:00+08:00,40.41919,53.62993,100.93314,67.21995,22.46176,0.15662,0
2026-01-12T13:27:00+08:00,38.56963,55.00328,99.31604,70.82277,22.63745,0.16477,0
2026-01-12T13:28:00+08:00,38.52835,56.45115,102.37094,68.79873,22.61549,0.18885,0
2026-01-12T13:29:00+08:00,37.10771,56.50953,94.58065,70.68089,24.02571,0.17393,0
2026-01-12T13:30:00+08:00,40.01426,54.86019,104.62869,69.53972,21.97547,0.16447,0
2026-01-12T13:31:00+08:00,40.21952,54.65795,100.79701,66.43703,23.09663,0.17588,0
2026-01-12T13:32:00+08:00,40.40267,56.96287,105.54946,71.86986,23.06772,0.16804,0
2026-01-12T13:33:00+08:00,39.12136,58.62562,103.05873,68.82642,23.22134,0.17283,0
2026-01-12T13:34:00+08:00,37.60781,57.23224,104.98374,67.5764,23.92448,0.17791,0
2026-01-12T13:35:00+08:00,37.88935,58.09556,108.81518,70.92016,24.29741,0.17195,0
2026-01-12T13:36:00+08:00,40.11511,54.92689,108.43075,72.38074,22.87947,0.15961,0
2026-01-12T13:37:00+08:00,40.37276,55.68307,98.79294,66.49726,23.36419,0.13596,0
2026-01-12T13:38:00+08:00,40.45747,55.13038,111.88463,69.35922,23.42863,0.16444,0
2026-01-12T13:39:00+08:00,40.21987,56.67866,102.86465,73.72556,21.91172,0.17317,0
2026-01-12T13:40:00+08:00,41.58513,56.53992,114.55222,68.31593,21.52852,0.15609,0
2026-01-12T13:41:00+08:00,41.00791,56.28406,105.24069,67.08701,23.41783,0.15272,0
2026-01-12T13:42:00+08:00,41.78937,59.30178,106.29686,72.0397,22.23773,0.14469,0
2026-01-12T13:43:00+08:00,38.49605,54.11393,96.94999,75.28271,22.87795,0.17273,0
2026-01-12T13:44:00+08:00,38.9002,55.2566,108.72319,69.84076,23.0602,0.1648,0
2026-01-12T13:45:00+08:00,38.71825,53.59992,93.73211,68.97835,22.5845,0.15019,0
2026-01-12T13:46:00+08:00,39.15635,55.4492,92.57632,66.85235,22.8539,0.17153,0
2026-01-12T13:47:00+08:00,37.03703,55.5404,108.22893,71.77928,22.3597,0.16004,0
2026-01-12T13:48:00+08:00,37.89128,55.90421,103.88774,71.20835,22.52833,0.17644,0
2026-01-12T13:49:00+08:00,39.12413,56.28604,107.10581,66.80623,20.75422,0.18561,0
2026-01-12T13:50:00+08:00,39.3688,53.01695,99.07506,71.46822,22.11102,0.15872,0
2026-01-12T13:51:00+08:00,41.40813,53.87561,98.60703,69.75779,22.70602,0.17176,0
2026-01-12T13:52:00+08:00,40.5365,55.49941,105.06697,68.3599,22.41494,0.16674,0
2026-01-12T13:53:00+08:00,39.32605,56.26382,105.49316,69.33105,21.64734,0.16638,0
2026-01-12T13:54:00+08:00,38.96635,55.54404,113.92813,67.73837,22.78677,0.17966,0
2026-01-12T13:55:00+08:00,39.30835,58.38146,101.26854,70.44648,21.73385,0.16162,0
2026-01-12T13:56:00+08:00,39.73391,56.50841,105.10594,73.47139,22.42886,0.16242,0
2026-01-12T13:57:00+08:00,44.34653,56.00366,100.35542,67.88772,21.74333,0.1796,0
2026-01-12T13:58:00+08:00,39.05706,55.75683,104.16916,72.49867,21.9231,0.15428,0
2026-01-12T13:59:00+08:00,40.39013,56.4897,106.77441,68.26648,23.40429,0.15957,0
2026-01-12T14:00:00+08:00,39.36025,54.6153,112.33212,73.04172,23.4641,0.18657,0
2026-01-12T14:01:00+08:00,45.71233,53.77068,102.9357,69.79371,22.29409,0.1576,0
2026-01-12T14:02:00+08:00,40.49686,54.5768,109.18661,72.34972,23.64742,0.17959,0
2026-01-12T14:03:00+08:00,42.54215,55.85317,119.07826,73.49863,21.70646,0.16146,0
2026-01-12T14:04:00+08:00,38.77537,56.55465,108.89561,72.03512,25.37314,0.18324,0
2026-01-12T14:05:00+08:00,43.69461,55.52716,105.60458,74.23561,23.91076,0.15368,0
2026-01-12T14:06:00+08:00,42.56662,56.97165,110.6755,72.40436,23.47089,0.17731,0
2026-01-12T14:07:00+08:00,43.57833,57.96404,118.3526,74.70966,23.75542,0.18717,0
2026-01-12T14:08:00+08:00,45.05402,56.84461,118.13367,79.30232,25.54432,0.20653,0
2026-01-12T14:09:00+08:00,42.94589,57.66326,115.49739,76.85641,24.01784,0.16606,0
2026-01-12T14:10:00+08:00,45.2298,56.88527,117.14534,75.56498,23.8355,0.19041,0
2026-01-12T14:11:00+08:00,45.8939,58.87689,128.92302,79.57793,25.48547,0.17536,0
2026-01-12T14:12:00+08:00,43.86189,60.41982,114.64734,76.40863,25.23614,0.19018,0
2026-01-12T14:13:00+08:00,45.10177,58.20051,126.66409,77.90527,24.23621,0.20556,0
2026-01-12T14:14:00+08:00,48.1474,58.01958,113.8292,78.85365,25.65527,0.21037,0
2026-01-12T14:15:00+08:00,45.91271,58.93808,126.29815,74.68271,26.84183,0.18169,0
2026-01-12T14:16:00+08:00,48.87124,59.58082,129.47698,84.18655,23.9699,0.18863,0
2026-01-12T14:17:00+08:00,48.99102,59.20749,127.5132,85.57132,26.84451,0.19772,0
2026-01-12T14:18:00+08:00,45.85702,59.05663,128.20854,80.55784,27.04032,0.21388,0
2026-01-12T14:19:00+08:00,49.81295,55.83905,120.66006,90.06513,26.14195,0.17772,0
2026-01-12T14:20:00+08:00,52.17502,59.99661,133.41401,85.76169,27.19333,0.20955,0
2026-01-12T14:21:00+08:00,51.53412,63.08008,133.49193,80.65705,27.31345,0.22083,0
2026-01-12T14:22:00+08:00,52.72845,59.68695,135.11292,88.58835,29.3407,0.19726,0
2026-01-12T14:23:00+08:00,49.89137,59.94691,127.38818,83.4795,24.63547,0.20222,0
2026-01-12T14:24:00+08:00,51.66563,59.78772,139.96441,86.46982,28.36224,0.21197,0
2026-01-12T14:25:00+08:00,52.63878,60.85641,137.47535,86.81246,27.70701,0.21387,0
2026-01-12T14:26:00+08:00,50.73712,61.06478,142.04286,85.98314,27.67993,0.22584,0
2026-01-12T14:27:00+08:00,53.36809,60.57907,119.09022,88.42958,25.32873,0.22881,0
2026-01-12T14:28:00+08:00,51.63615,61.87005,126.53195,82.24404,27.56712,0.20932,0
2026-01-12T14:29:00+08:00,50.41923,60.66892,144.81776,89.36644,28.26615,0.22063,0
2026-01-12T14:30:00+08:00,53.89948,60.28281,120.55235,86.20059,28.02514,0.19681,0
2026-01-12T14:31:00+08:00,50.81352,59.5854,138.09523,88.86405,27.83878,0.21712,0
2026-01-12T14:32:00+08:00,50.92355,60.68137,124.3383,79.85582,27.33131,0.21275,0
2026-01-12T14:33:00+08:00,52.99538,62.39361,137.72132,83.17551,26.81044,0.21417,0
2026-01-12T14:34:00+08:00,55.17646,62.18943,135.01192,84.72097,26.25273,0.21747,0
2026-01-12T14:35:00+08:00,48.41442,59.85958,128.33036,90.34389,26.63902,0.1747,0
2026-01-12T14:36:00+08:00,51.06069,59.15671,128.56216,84.95801,26.61474,0.21582,0
2026-01-12T14:37:00+08:00,47.13555,59.28276,131.17952,83.00733,25.30996,0.21332,0
2026-01-12T14:38:00+08:00,51.64777,59.7813,117.34136,86.5839,25.15658,0.20768,0
2026-01-12T14:39:00+08:00,47.75431,58.21438,124.30871,83.52402,25.96091,0.21034,0
2026-01-12T14:40:00+08:00,48.27297,60.8782,127.29363,81.58718,25.65101,0.18028,0
2026-01-12T14:41:00+08:00,49.32645,59.02609,113.40332,81.68304,25.51032,0.22121,0
2026-01-12T14:42:00+08:00,45.47276,57.49957,130.2076,86.98138,25.54462,0.19156,0
2026-01-12T14:43:00+08:00,49.39313,56.2393,114.77154,81.70624,27.50846,0.19321,0
2026-01-12T14:44:00+08:00,48.22708,60.63624,134.06675,80.47716,26.003,0.22171,0
2026-01-12T14:45:00+08:00,45.08577,60.40403,117.93867,82.20132,25.71194,0.18478,0
2026-01-12T14:46:00+08:00,45.85848,59.3428,127.55614,81.22232,25.91433,0.20395,0
2026-01-12T14:47:00+08:00,45.7062,59.87094,126.27983,89.17533,25.44355,0.18996,0
2026-01-12T14:48:00+08:00,48.69328,59.91161,119.17403,79.94643,26.21067,0.18463,0
2026-01-12T14:49:00+08:00,46.45296,58.91301,126.56122,79.17466,24.01862,0.17006,0
2026-01-12T14:50:00+08:00,44.83777,57.05205,120.60915,77.29724,25.00941,0.1846,0
2026-01-12T14:51:00+08:00,46.25535,60.45423,124.56291,80.83162,25.20438,0.18883,0
2026-01-12T14:52:00+08:00,47.6127,59.48346,116.65679,80.85624,23.78065,0.19712,0
2026-01-12T14:53:00+08:00,48.39972,58.36213,130.28915,78.11036,25.80684,0.19392,0
2026-01-12T14:54:00+08:00,46.88213,58.59252,121.82162,83.34768,26.86503,0.19448,0
2026-01-12T14:55:00+08:00,48.59336,57.8559,125.26016,78.60801,26.63191,0.22347,0
2026-01-12T14:56:00+08:00,46.99557,55.95626,118.89466,84.71752,26.1839,0.19829,0
2026-01-12T14:57:00+08:00,49.14449,59.48503,127.98322,83.94239,27.10108,0.20012,0
2026-01-12T14:58:00+08:00,49.09312,58.51373,119.19534,86.49695,25.98005,0.20641,0
2026-01-12T14:59:00+08:00,47.83915,58.216,122.60674,85.90287,26.34628,0.17424,0
2026-01-12T15:00:00+08:00,47.39618,61.3671,121.865,76.4323,27.61719,0.20596,0
2026-01-12T15:01:00+08:00,47.83535,58.64346,128.75204,80.46172,27.01798,0.20477,0
2026-01-12T15:02:00+08:00,48.58601,59.39442,122.88649,85.48775,25.27942,0.17729,0
2026-01-12T15:03:00+08:00,49.43795,60.10573,126.58853,83.84026,25.8443,0.20928,0
2026-01-12T15:04:00+08:00,48.43407,58.73078,123.04872,88.94203,24.64495,0.2062,0
2026-01-12T15:05:00+08:00,45.67108,59.29936,122.84552,76.87845,26.62752,0.19539,0
2026-01-12T15:06:00+08:00,45.08112,60.60274,132.56862,87.84137,26.66694,0.20153,0
2026-01-12T15:07:00+08:00,51.40103,61.76296,131.40577,80.76159,26.58535,0.20718,0
2026-01-12T15:08:00+08:00,45.88386,60.2421,137.40192,85.69291,27.78254,0.20431,0
2026-01-12T15:09:00+08:00,49.11633,60.17342,122.2023,81.03457,27.63892,0.22016,0
2026-01-12T15:10:00+08:00,47.54342,60.97015,126.02786,85.05859,26.94516,0.21552,0
2026-01-12T15:11:00+08:00,49.52446,61.56559,128.11978,85.9805,25.80029,0.23083,0
2026-01-12T15:12:00+08:00,50.23514,60.66524,118.56355,81.65969,27.66988,0.20655,0
2026-01-12T15:13:00+08:00,45.9216,61.07824,123.83288,88.32882,26.46751,0.2054,0
2026-01-12T15:14:00+08:00,51.42628,58.53504,121.44529,83.41646,27.26612,0.18521,0
2026-01-12T15:15:00+08:00,46.19852,60.7284,123.15878,82.68186,24.80926,0.19332,0
2026-01-12T15:16:00+08:00,49.04199,60.80475,121.98525,88.623,25.80614,0.19275,0
2026-01-12T15:17:00+08:00,51.63461,59.78948,122.651,82.91656,27.56471,0.22002,0
2026-01-12T15:18:00+08:00,47.16587,59.36031,125.33329,80.09285,26.20432,0.2002,0
2026-01-12T15:19:00+08:00,50.41458,60.86774,122.61042,82.01843,26.74274,0.19154,0
2026-01-12T15:20:00+08:00,49.10621,59.04857,118.68822,79.339,27.32101,0.19599,0
2026-01-12T15:21:00+08:00,50.64359,58.34268,124.1782,88.87939,24.92473,0.17208,0
2026-01-12T15:22:00+08:00,49.61299,57.76678,121.71848,79.381,25.9602,0.18299,0
2026-01-12T15:23:00+08:00,46.54383,59.24235,115.79896,78.42506,25.23444,0.17524,0
2026-01-12T15:24:00+08:00,45.64511,58.61403,117.78677,79.05119,25.34438,0.18364,0
2026-01-12T15:25:00+08:00,47.15849,60.11588,116.33999,80.61928,24.95018,0.19516,0
2026-01-12T15:26:00+08:00,48.2165,58.68901,108.6143,79.78784,26.06882,0.18568,0
2026-01-12T15:27:00+08:00,46.65259,56.90018,108.82475,78.08129,23.16335,0.18353,0
2026-01-12T15:28:00+08:00,46.62237,55.07705,108.58778,73.7697,24.46543,0.17991,0
2026-01-12T15:29:00+08:00,46.25803,58.55762,116.16685,76.49345,24.64974,0.17144,0
2026-01-12T15:30:00+08:00,44.70885,55.62543,116.55602,78.79539,24.25613,0.1783,0
2026-01-12T15:31:00+08:00,43.31039,53.10424,112.57376,74.07398,23.79037,0.18772,0
2026-01-12T15:32:00+08:00,41.88183,55.09619,109.04479,73.79754,23.71001,0.17859,0
2026-01-12T15:33:00+08:00,43.32141,54.9241,109.33688,76.65628,21.81907,0.1768,0
2026-01-12T15:34:00+08:00,39.84336,55.61681,102.6692,71.48712,24.81595,0.15605,0
2026-01-12T15:35:00+08:00,38.25528,54.1763,114.60412,69.84237,22.92116,0.16534,0
2026-01-12T15:36:00+08:00,38.14562,55.34241,117.08111,74.6699,21.97059,0.17715,0
2026-01-12T15:37:00+08:00,37.85946,53.1291,108.76888,73.27486,23.48393,0.16088,0
2026-01-12T15:38:00+08:00,38.59608,56.21595,104.57753,67.95662,20.90134,0.16682,0
2026-01-12T15:39:00+08:00,40.41143,53.50137,104.83771,69.52207,22.86282,0.17515,0
2026-01-12T15:40:00+08:00,36.82799,52.78853,98.08217,70.63599,21.54341,0.1534,0
2026-01-12T15:41:00+08:00,34.44681,57.01783,104.07197,69.77432,22.76105,0.16866,0
2026-01-12T15:42:00+08:00,36.97309,54.39263,97.09163,74.92263,22.26547,0.15402,0
2026-01-12T15:43:00+08:00,37.98036,53.1755,106.13388,64.64888,22.10796,0.17294,0
2026-01-12T15:44:00+08:00,37.60751,54.51492,98.14528,66.13772,21.04694,0.15242,0
2026-01-12T15:45:00+08:00,39.39395,54.17205,93.74116,64.49495,22.48261,0.16639,0
2026-01-12T15:46:00+08:00,37.59818,53.9179,100.21444,63.91158,21.20218,0.16971,0
2026-01-12T15:47:00+08:00,38.06462,52.93391,92.84447,66.02742,22.94989,0.13185,0
2026-01-12T15:48:00+08:00,36.93444,52.39691,93.81908,64.52592,20.99492,0.14961,0
2026-01-12T15:49:00+08:00,36.42838,53.4822,89.63721,67.93305,22.04375,0.16744,0
2026-01-12T15:50:00+08:00,33.66123,54.57483,100.37316,62.52718,21.38208,0.15504,0
2026-01-12T15:51:00+08:00,39.80406,56.71107,88.79407,73.17919,20.57157,0.16949,0
2026-01-12T15:52:00+08:00,38.32008,52.95125,99.77647,65.49623,21.92817,0.16005,0
2026-01-12T15:53:00+08:00,38.83947,54.39204,96.72877,69.26828,21.99678,0.16696,0
2026-01-12T15:54:00+08:00,35.62677,52.99388,95.04258,64.31328,22.23679,0.17063,0
2026-01-12T15:55:00+08:00,36.70077,56.2802,105.08237,67.13021,20.8523,0.17898,0
2026-01-12T15:56:00+08:00,37.04293,54.65805,96.93685,63.97743,20.33933,0.16734,0
2026-01-12T15:57:00+08:00,35.92676,58.55034,93.62536,63.13768,22.19388,0.17966,0
2026-01-12T15:58:00+08:00,37.64416,55.39873,90.27461,65.15018,20.84491,0.13582,0
2026-01-12T15:59:00+08:00,37.93191,51.82204,93.32352,65.84748,21.14038,0.1663,0
2026-01-12T16:00:00+08:00,38.46283,55.9817,104.134,71.15499,21.96339,0.16578,0
2026-01-12T16:01:00+08:00,39.01865,55.08327,98.80929,66.99971,21.30337,0.16797,0
2026-01-12T16:02:00+08:00,38.10343,54.11187,97.88341,64.61545,22.99002,0.16414,0
2026-01-12T16:03:00+08:00,36.88004,56.09386,98.75909,64.25633,23.09233,0.15671,0
2026-01-12T16:04:00+08:00,37.83963,55.15738,107.60014,68.73961,21.15105,0.17127,0
2026-01-12T16:05:00+08:00,37.82413,57.61021,102.15924,62.14791,22.60047,0.18991,0
2026-01-12T16:06:00+08:00,41.63132,57.57795,97.289,71.72883,21.66807,0.1679,0
2026-01-12T16:07:00+08:00,36.57458,54.39045,99.16939,71.78981,23.06701,0.16883,0
2026-01-12T16:08:00+08:00,36.47815,54.84154,98.91835,71.76461,23.42393,0.17912,0
2026-01-12T16:09:00+08:00,37.56288,51.69101,93.84469,73.43957,22.00778,0.15568,0
2026-01-12T16:10:00+08:00,41.8619,56.88976,102.76251,68.26996,22.24316,0.16833,0
2026-01-12T16:11:00+08:00,41.73715,55.77366,106.16058,72.58933,21.29012,0.17502,0
2026-01-12T16:12:00+08:00,38.24808,51.91978,91.70956,65.91465,22.78942,0.1664,0
2026-01-12T16:13:00+08:00,39.00143,57.68033,95.75642,68.73136,22.54182,0.15496,0
2026-01-12T16:14:00+08:00,38.58309,53.00525,108.83718,66.57244,24.0411,0.16362,0
2026-01-12T16:15:00+08:00,40.21817,54.94542,101.2581,66.6303,22.25428,0.16759,0
2026-01-12T16:16:00+08:00,36.76687,54.7711,97.92901,75.01118,21.99065,0.18287,0
2026-01-12T16:17:00+08:00,37.61527,55.18024,93.89008,66.46935,22.17644,0.18264,0
2026-01-12T16:18:00+08:00,38.13696,56.54343,103.17482,72.36419,21.84182,0.19228,0
2026-01-12T16:19:00+08:00,36.6183,53.64303,93.36005,74.12452,22.53431,0.15599,0
2026-01-12T16:20:00+08:00,39.48333,55.42332,108.6537,62.12092,21.45521,0.1534,0
2026-01-12T16:21:00+08:00,33.4181,55.79445,96.86682,68.60564,23.71209,0.15387,0
2026-01-12T16:22:00+08:00,35.94515,54.45564,102.5436,64.30446,20.91342,0.17125,0
2026-01-12T16:23:00+08:00,37.11859,51.52916,90.87199,70.12805,21.73655,0.14665,0
2026-01-12T16:24:00+08:00,35.86999,54.09295,100.08262,61.17768,20.51384,0.15918,0
2026-01-12T16:25:00+08:00,35.74716,54.71207,89.68528,65.9669,22.15317,0.16107,0
2026-01-12T16:26:00+08:00,35.94236,53.74333,91.12164,64.34394,22.21052,0.15235,0
2026-01-12T16:27:00+08:00,33.87479,53.13569,95.80753,63.13151,21.42735,0.15993,0
2026-01-12T16:28:00+08:00,36.88472,55.54401,99.34399,61.17522,20.10064,0.15146,0
2026-01-12T16:29:00+08:00,34.30821,52.14317,91.78086,62.31978,20.24347,0.14775,0
2026-01-12T16:30:00+08:00,37.10869,53.82507,106.04471,64.06507,20.53393,0.15144,0
2026-01-12T16:31:00+08:00,35.35108,54.08986,103.84503,60.87746,21.5289,0.15373,0
2026-01-12T16:32:00+08:00,32.00109,54.50008,99.6617,60.75571,20.72359,0.12839,0
2026-01-12T16:33:00+08:00,32.5432,54.85203,90.94574,59.97223,20.93013,0.14396,0
2026-01-12T16:34:00+08:00,33.98393,54.4603,87.52027,60.61449,20.87124,0.16343,0
2026-01-12T16:35:00+08:00,37.12642,52.66302,98.16741,61.0729,22.40268,0.13632,0
2026-01-12T16:36:00+08:00,37.40031,52.72187,103.8012,65.35831,19.8892,0.14467,0
2026-01-12T16:37:00+08:00,36.57198,55.01095,93.7398,63.94233,21.54886,0.15373,0
2026-01-12T16:38:00+08:00,33.03977,52.67231,95.73121,67.7437,22.40162,0.16288,0
2026-01-12T16:39:00+08:00,36.13223,54.8085,91.78649,63.99046,20.30432,0.13739,0
2026-01-12T16:40:00+08:00,36.50614,54.20078,99.22285,66.5037,21.38068,0.1619,0
2026-01-12T16:41:00+08:00,36.16148,54.63889,92.91399,66.44956,21.8969,0.14715,0
2026-01-12T16:42:00+08:00,36.70384,53.45098,94.76299,62.49741,22.58341,0.17103,0
2026-01-12T16:43:00+08:00,37.9871,57.00088,97.38455,75.55203,21.40311,0.16196,0
2026-01-12T16:44:00+08:00,36.74666,55.11088,103.5213,66.74777,23.38411,0.16333,0
2026-01-12T16:45:00+08:00,38.42266,53.64793,102.51716,67.36333,21.4269,0.15182,0
2026-01-12T16:46:00+08:00,43.24431,54.70111,94.2811,66.3841,22.12764,0.1708,0
2026-01-12T16:47:00+08:00,39.95507,56.14664,99.53327,70.2448,21.59412,0.1575,0
2026-01-12T16:48:00+08:00,37.84329,53.95302,109.30999,72.05892,23.47706,0.16799,0
2026-01-12T16:49:00+08:00,41.44484,53.44458,109.56478,71.3122,23.38303,0.17439,0
2026-01-12T16:50:00+08:00,38.82916,54.02649,102.96741,73.27455,23.66343,0.15367,0
2026-01-12T16:51:00+08:00,39.40207,55.27467,106.02615,68.29677,21.98737,0.16277,0
2026-01-12T16:52:00+08:00,41.88348,54.92018,108.51406,76.35883,22.31969,0.17277,0
2026-01-12T16:53:00+08:00,44.12607,56.14833,107.48939,77.46408,23.43702,0.19179,0
2026-01-12T16:54:00+08:00,43.59532,56.47852,113.99429,75.70875,24.84807,0.17224,0
2026-01-12T16:55:00+08:00,43.42284,57.06946,116.31771,72.42257,25.05475,0.18731,0
2026-01-12T16:56:00+08:00,41.48323,58.93661,125.12176,79.22506,25.62576,0.18416,0
2026-01-12T16:57:00+08:00,41.34353,55.17446,116.32509,75.13011,23.71057,0.18395,0
2026-01-12T16:58:00+08:00,45.89472,55.87713,113.83942,82.08199,23.74691,0.19769,0
2026-01-12T16:59:00+08:00,44.33525,58.65572,122.53295,80.37779,25.70135,0.17291,0
2026-01-12T17:00:00+08:00,47.59932,57.00353,119.22852,79.4815,25.4745,0.19365,0
2026-01-12T17:01:00+08:00,44.42642,56.50743,123.0938,79.76504,26.21255,0.18994,0
2026-01-12T17:02:00+08:00,43.72831,59.65209,117.59411,80.67974,24.72033,0.21301,0
2026-01-12T17:03:00+08:00,44.95265,58.0744,120.60689,76.76698,25.70966,0.21356,0
2026-01-12T17:04:00+08:00,45.88032,59.12646,106.85431,80.25914,25.22352,0.1828,0
2026-01-12T17:05:00+08:00,48.90211,58.2711,120.15374,79.51913,23.85706,0.17941,0
2026-01-12T17:06:00+08:00,48.83786,56.01759,117.5579,79.66926,27.21242,0.20466,0
2026-01-12T17:07:00+08:00,46.21838,60.50499,117.94608,84.05771,24.46553,0.20903,0
2026-01-12T17:08:00+08:00,46.56609,57.50457,120.73629,81.97079,25.27358,0.20255,0
2026-01-12T17:09:00+08:00,46.288,59.66536,124.12513,81.0135,25.33771,0.19746,0
2026-01-12T17:10:00+08:00,48.33494,61.54226,126.62735,84.13438,28.51745,0.20222,0
2026-01-12T17:11:00+08:00,48.19364,59.7672,116.8324,79.84156,25.27296,0.20385,0
2026-01-12T17:12:00+08:00,46.95753,59.01014,127.19966,83.69094,25.56287,0.18654,0
2026-01-12T17:13:00+08:00,49.24084,59.80492,113.56264,80.05674,25.8279,0.20512,0
2026-01-12T17:14:00+08:00,48.74224,59.12796,124.30695,81.05535,25.03516,0.19126,0
2026-01-12T17:15:00+08:00,47.02948,58.66719,111.70423,79.51511,25.6487,0.19061,0
2026-01-12T17:16:00+08:00,46.43103,59.29524,115.46306,75.65203,25.23677,0.20377,0
2026-01-12T17:17:00+08:00,49.78607,59.62326,113.22663,79.65786,25.73036,0.1957,0
2026-01-12T17:18:00+08:00,47.58995,57.35892,120.59718,81.43126,26.19079,0.18245,0
2026-01-12T17:19:00+08:00,45.87059,54.98155,116.87411,78.41514,24.47912,0.19462,0
2026-01-12T17:20:00+08:00,46.27007,55.50764,120.78215,77.03041,25.78543,0.17537,0
2026-01-12T17:21:00+08:00,46.31404,58.02904,120.967,80.03127,25.07436,0.17167,0
2026-01-12T17:22:00+08:00,43.50459,57.59676,119.18961,77.69464,25.82812,0.18767,0
2026-01-12T17:23:00+08:00,44.34801,57.96063,120.18081,80.38185,26.92456,0.18232,0
2026-01-12T17:24:00+08:00,45.89549,58.85157,118.80345,77.8235,23.81677,0.18417,0
2026-01-12T17:25:00+08:00,44.06198,56.03883,114.8665,76.13679,25.72326,0.19851,0
2026-01-12T17:26:00+08:00,44.36126,57.94238,109.53905,77.7859,25.55438,0.2014,0
2026-01-12T17:27:00+08:00,44.72712,59.65767,111.30292,75.55798,25.84294,0.21248,0
2026-01-12T17:28:00+08:00,46.95148,58.2604,108.02592,73.30881,25.34179,0.18629,0
2026-01-12T17:29:00+08:00,44.15689,58.43408,119.76971,82.32953,25.3819,0.20721,0
2026-01-12T17:30:00+08:00,46.2778,58.24867,124.78078,76.72669,27.83837,0.19653,0
2026-01-12T17:31:00+08:00,47.09681,59.14462,129.18299,82.25084,23.91998,0.21043,0
2026-01-12T17:32:00+08:00,45.97696,58.67812,113.81077,81.708,24.84999,0.19413,0
2026-01-12T17:33:00+08:00,46.28871,61.13113,130.59722,80.56824,25.57761,0.18872,0
2026-01-12T17:34:00+08:00,49.02904,58.30307,119.12355,83.70468,25.13082,0.19393,0
2026-01-12T17:35:00+08:00,44.45653,59.75954,131.5395,83.31065,27.03677,0.18437,0
2026-01-12T17:36:00+08:00,48.01685,57.74166,121.35594,83.87587,25.92822,0.17803,0
2026-01-12T17:37:00+08:00,45.53388,57.30489,125.65939,88.19301,27.18658,0.17286,0
2026-01-12T17:38:00+08:00,50.7858,60.45783,116.22289,81.55877,27.07711,0.20583,0
2026-01-12T17:39:00+08:00,46.2121,60.18045,114.04043,82.28649,27.25155,0.20013,0
2026-01-12T17:40:00+08:00,48.0206,60.69273,130.40219,87.38539,27.15438,0.2152,0
2026-01-12T17:41:00+08:00,50.59343,60.03413,126.78856,83.25136,25.41855,0.18999,0
2026-01-12T17:42:00+08:00,49.12286,60.15553,134.35947,84.34673,27.55532,0.21771,0
2026-01-12T17:43:00+08:00,49.56634,60.76579,126.74338,88.94205,27.36544,0.18946,0
2026-01-12T17:44:00+08:00,50.61765,62.28265,127.84105,86.81015,27.42205,0.19269,0
2026-01-12T17:45:00+08:00,51.57696,58.46988,126.37515,89.16671,27.38415,0.20339,0
2026-01-12T17:46:00+08:00,51.77433,60.33789,130.28164,88.35717,26.53365,0.20899,0
2026-01-12T17:47:00+08:00,50.69943,58.47936,126.28117,91.50678,27.65086,0.1923,0
2026-01-12T17:48:00+08:00,48.75323,60.50813,139.29362,86.61953,28.58665,0.21502,0
2026-01-12T17:49:00+08:00,52.60803,59.01775,136.70997,86.50917,28.28069,0.2007,0
2026-01-12T17:50:00+08:00,52.27828,61.29743,131.70889,89.01305,27.34408,0.20356,0
2026-01-12T17:51:00+08:00,55.01187,62.27307,129.04595,89.73676,26.98039,0.19718,0
2026-01-12T17:52:00+08:00,54.10498,58.74644,137.76371,87.44773,27.50726,0.21834,0
2026-01-12T17:53:00+08:00,53.36972,59.92157,136.89963,88.65949,26.59898,0.21109,0
2026-01-12T17:54:00+08:00,54.84468,63.19031,136.97731,84.79808,28.1849,0.22448,0
2026-01-12T17:55:00+08:00,53.65344,62.02637,135.18125,88.13585,27.19133,0.18871,0
2026-01-12T17:56:00+08:00,52.90041,61.22289,136.02001,84.25745,28.29614,0.23988,0
2026-01-12T17:57:00+08:00,52.32497,60.85573,134.53646,94.21667,26.75222,0.21544,0
2026-01-12T17:58:00+08:00,50.59213,60.15954,132.39551,91.94414,29.2335,0.21808,0
2026-01-12T17:59:00+08:00,51.15528,64.02619,130.05228,85.90537,25.93581,0.2297,0
2026-01-12T18:00:00+08:00,53.33285,63.82458,124.6867,91.64596,27.49913,0.22116,0
2026-01-12T18:01:00+08:00,48.33801,62.46737,134.91317,86.74613,27.9022,0.19971,0
2026-01-12T18:02:00+08:00,49.93454,59.81646,120.97071,88.98175,28.26345,0.19937,0
2026-01-12T18:03:00+08:00,51.24023,59.91771,131.04357,83.99364,26.2503,0.22087,0
2026-01-12T18:04:00+08:00,50.10015,62.72093,128.72324,82.52907,27.99029,0.21397,0
2026-01-12T18:05:00+08:00,51.09457,61.45615,124.24733,84.31281,26.56017,0.18746,0
2026-01-12T18:06:00+08:00,48.8563,61.45048,127.657,80.00576,25.13205,0.22425,0
2026-01-12T18:07:00+08:00,48.69056,58.66685,124.00864,78.9297,27.62204,0.19579,0
2026-01-12T18:08:00+08:00,50.81922,59.36339,131.39429,83.42423,26.91107,0.20848,0
2026-01-12T18:09:00+08:00,48.97171,59.5308,121.92098,87.67457,25.12367,0.19738,0
2026-01-12T18:10:00+08:00,47.36043,59.38045,119.7581,82.13515,25.5815,0.17491,0
2026-01-12T18:11:00+08:00,46.83153,57.20398,112.04656,80.85967,25.96483,0.20047,0
2026-01-12T18:12:00+08:00,47.31765,55.90052,112.73032,85.63019,24.37621,0.19971,0
2026-01-12T18:13:00+08:00,44.54912,58.29741,115.20083,80.66406,25.23734,0.18412,0
2026-01-12T18:14:00+08:00,43.39524,58.32763,111.16052,79.54751,27.27806,0.20571,0
2026-01-12T18:15:00+08:00,46.09399,57.66055,106.42272,73.60594,25.8749,0.17617,0
2026-01-12T18:16:00+08:00,43.0773,57.35721,109.74339,73.22821,24.48896,0.17318,0
2026-01-12T18:17:00+08:00,42.5605,56.36774,116.65599,75.58124,24.19702,0.19095,0
2026-01-12T18:18:00+08:00,43.22382,56.84376,115.44822,77.68958,24.05943,0.18276,0
2026-01-12T18:19:00+08:00,41.68719,55.92157,116.06154,76.4697,24.44753,0.18399,0
2026-01-12T18:20:00+08:00,42.82479,57.7946,116.08498,77.36458,23.80595,0.19711,0
2026-01-12T18:21:00+08:00,42.83439,57.57487,112.09195,74.91696,23.10709,0.18706,0
2026-01-12T18:22:00+08:00,47.26205,56.14442,110.39045,72.43356,23.21699,0.19701,0
2026-01-12T18:23:00+08:00,40.68334,55.90999,101.5361,71.14814,22.02031,0.18427,0
2026-01-12T18:24:00+08:00,46.72552,55.9602,100.66294,75.82296,22.8202,0.1922,0
2026-01-12T18:25:00+08:00,41.00691,55.54202,107.71492,75.15127,23.20114,0.16824,0
2026-01-12T18:26:00+08:00,41.02158,54.65208,110.28111,67.32479,22.95208,0.18408,0
2026-01-12T18:27:00+08:00,41.82513,57.03012,107.74252,76.05158,24.14409,0.17966,0
2026-01-12T18:28:00+08:00,42.88291,57.20984,105.71887,68.41592,23.66366,0.18072,0
2026-01-12T18:29:00+08:00,43.14121,55.00208,103.3041,73.77736,23.2073,0.14898,0
2026-01-12T18:30:00+08:00,41.84729,53.80846,103.09566,76.44376,24.91123,0.15767,0
2026-01-12T18:31:00+08:00,40.59859,56.28033,116.7724,70.93781,22.8474,0.19367,0
2026-01-12T18:32:00+08:00,40.55852,57.18164,100.57575,71.96222,21.79962,0.15997,0
2026-01-12T18:33:00+08:00,42.8039,56.2037,106.50353,70.31566,23.11874,0.17782,0
2026-01-12T18:34:00+08:00,43.13736,52.88793,104.11115,73.14601,23.25827,0.17942,0
2026-01-12T18:35:00+08:00,41.93487,55.9408,105.83041,72.05392,24.41519,0.16496,0
2026-01-12T18:36:00+08:00,41.43157,56.61461,116.47517,72.01996,24.28077,0.19082,0
2026-01-12T18:37:00+08:00,41.52295,56.14223,107.24093,72.2864,24.2239,0.17814,0
2026-01-12T18:38:00+08:00,42.15174,54.99216,104.25562,79.61351,23.33124,0.16539,0
2026-01-12T18:39:00+08:00,44.38782,56.85714,112.17499,72.8885,23.23793,0.17355,0
2026-01-12T18:40:00+08:00,39.39549,56.40759,110.93027,78.95771,23.63117,0.14567,0
2026-01-12T18:41:00+08:00,41.77279,60.10791,113.91346,71.05585,24.10878,0.16658,0
2026-01-12T18:42:00+08:00,39.54389,56.1103,110.12791,67.92746,22.55805,0.17649,0
2026-01-12T18:43:00+08:00,41.26262,57.08354,103.63485,75.70996,22.53355,0.19777,0
2026-01-12T18:44:00+08:00,38.9003,55.14625,111.77523,78.54793,23.879,0.18371,0
2026-01-12T18:45:00+08:00,41.98362,55.21656,107.15401,69.86721,22.42998,0.18148,0
2026-01-12T18:46:00+08:00,39.86358,56.93769,102.94299,74.29671,23.1143,0.1943,0
2026-01-12T18:47:00+08:00,42.36932,58.0865,105.44835,73.43504,22.63167,0.17029,0
2026-01-12T18:48:00+08:00,41.18303,55.47988,102.84778,68.83776,21.35615,0.16146,0
2026-01-12T18:49:00+08:00,42.61863,54.27444,101.70599,78.21432,22.82281,0.17878,0
2026-01-12T18:50:00+08:00,42.4456,57.12818,100.47855,71.86314,21.85937,0.20569,0
2026-01-12T18:51:00+08:00,38.18527,54.80468,102.35367,67.73294,24.43975,0.20455,0
2026-01-12T18:52:00+08:00,39.93356,54.33627,95.76373,71.1104,22.83123,0.16364,0
2026-01-12T18:53:00+08:00,40.89093,56.43906,107.88389,70.46942,22.00552,0.1797,0
2026-01-12T18:54:00+08:00,40.18818,56.94015,109.47187,66.68565,21.57546,0.16006,0
2026-01-12T18:55:00+08:00,37.91068,56.61552,106.46959,73.7432,23.08162,0.17133,0
2026-01-12T18:56:00+08:00,41.59378,56.08247,104.19026,74.34746,22.67737,0.16331,0
2026-01-12T18:57:00+08:00,37.52784,56.21504,109.1245,69.18527,23.59149,0.14023,0
2026-01-12T18:58:00+08:00,38.52081,55.071,98.35503,75.89533,22.18868,0.15906,0
2026-01-12T18:59:00+08:00,38.23914,52.33595,97.21188,71.08173,21.51091,0.15205,0
2026-01-12T19:00:00+08:00,40.11273,56.49472,102.59771,66.14262,21.68671,0.15082,0
2026-01-12T19:01:00+08:00,35.52407,53.20568,95.91466,63.77392,20.31853,0.16255,0
2026-01-12T19:02:00+08:00,37.29659,56.58574,94.65674,67.13732,21.83117,0.15482,0
2026-01-12T19:03:00+08:00,37.77911,55.19607,98.64119,64.86066,21.05395,0.13879,0
2026-01-12T19:04:00+08:00,34.56377,53.19757,90.4131,66.34037,22.28273,0.14325,0
2026-01-12T19:05:00+08:00,36.11459,52.48611,93.57114,62.36386,21.58346,0.14476,0
2026-01-12T19:06:00+08:00,37.03485,53.34365,90.95509,60.11703,21.11343,0.16383,0
2026-01-12T19:07:00+08:00,35.33926,56.41646,100.51415,62.43068,20.45269,0.15699,0
2026-01-12T19:08:00+08:00,33.00045,54.87713,94.39975,63.63922,21.22181,0.17207,0
2026-01-12T19:09:00+08:00,34.51034,53.08274,99.43531,65.33497,20.19217,0.14865,0
2026-01-12T19:10:00+08:00,34.28376,53.5841,84.49032,57.41837,19.57418,0.13507,0
2026-01-12T19:11:00+08:00,32.54157,53.8396,89.89925,62.30412,19.17831,0.14079,0
2026-01-12T19:12:00+08:00,34.56758,53.70652,86.68687,61.92858,22.18317,0.14588,0
2026-01-12T19:13:00+08:00,32.1168,52.64463,90.43697,60.78155,20.1176,0.12682,0
2026-01-12T19:14:00+08:00,31.53157,52.63342,88.92065,59.3933,19.94641,0.14602,0
2026-01-12T19:15:00+08:00,34.812,52.67576,91.6208,59.391,20.59931,0.14992,0
2026-01-12T19:16:00+08:00,34.76396,53.72985,92.55624,60.7126,20.30264,0.15885,0
2026-01-12T19:17:00+08:00,32.074,52.00353,90.61627,62.31404,19.3574,0.1442,0
2026-01-12T19:18:00+08:00,33.16817,49.97901,88.81601,60.72429,19.99068,0.1639,0
2026-01-12T19:19:00+08:00,31.28496,51.84516,77.16392,59.94781,19.83328,0.13935,0
2026-01-12T19:20:00+08:00,35.64811,54.1135,91.02766,60.53714,21.18529,0.14637,0
2026-01-12T19:21:00+08:00,32.40512,50.85945,88.94315,64.23251,22.40009,0.14822,0
2026-01-12T19:22:00+08:00,32.76436,51.66326,94.51291,57.05186,20.95211,0.15899,0
2026-01-12T19:23:00+08:00,35.22857,53.04727,95.26645,63.28891,19.877,0.1735,0
2026-01-12T19:24:00+08:00,34.14537,54.48493,81.11469,67.08426,22.03324,0.15102,0
2026-01-12T19:25:00+08:00,36.14938,54.35904,90.82857,65.41792,20.12967,0.14403,0
2026-01-12T19:26:00+08:00,37.56325,55.06766,91.40469,62.13463,20.43286,0.16286,0
2026-01-12T19:27:00+08:00,34.14753,54.44123,99.61424,64.66026,22.08806,0.15086,0
2026-01-12T19:28:00+08:00,35.99234,52.89127,101.94823,63.23941,21.66571,0.15542,0
2026-01-12T19:29:00+08:00,34.92436,53.55932,104.7872,66.7755,20.61951,0.1619,0
2026-01-12T19:30:00+08:00,37.00598,59.03411,100.32616,65.67096,22.98562,0.1356,0
2026-01-12T19:31:00+08:00,37.89112,57.33048,99.3535,62.25916,21.53221,0.18006,0
2026-01-12T19:32:00+08:00,38.84863,53.84022,97.53768,66.42333,22.39376,0.18015,0
2026-01-12T19:33:00+08:00,40.5098,55.71372,95.31993,64.75255,22.7261,0.14685,0
2026-01-12T19:34:00+08:00,38.64212,55.70174,97.2792,66.28169,22.33455,0.17243,0
2026-01-12T19:35:00+08:00,41.37632,56.27442,104.28963,67.71226,21.62242,0.16074,0
2026-01-12T19:36:00+08:00,40.6018,56.09358,94.33231,68.16285,23.82962,0.16983,0
2026-01-12T19:37:00+08:00,37.68897,58.87953,105.54577,72.20955,23.25541,0.16536,0
2026-01-12T19:38:00+08:00,39.27982,58.72508,111.5062,74.02217,23.55444,0.15835,0
2026-01-12T19:39:00+08:00,43.21037,55.00856,108.64116,67.09728,21.32755,0.17668,0
2026-01-12T19:40:00+08:00,39.74509,53.64328,110.59211,78.79091,24.53119,0.17023,0
2026-01-12T19:41:00+08:00,41.4756,57.49388,114.08991,71.76894,23.41463,0.17841,0
2026-01-12T19:42:00+08:00,42.68125,56.26312,108.3922,77.25989,24.56228,0.18151,0
2026-01-12T19:43:00+08:00,44.96899,56.0153,117.5425,75.01982,26.49376,0.16048,0
2026-01-12T19:44:00+08:00,40.7897,57.12895,111.77022,79.46545,23.01067,0.1883,0
2026-01-12T19:45:00+08:00,44.24495,57.55283,105.25791,78.01258,24.7674,0.18477,0
2026-01-12T19:46:00+08:00,42.60936,56.96888,109.87268,75.83883,23.72463,0.16626,0
2026-01-12T19:47:00+08:00,40.41161,55.72195,111.50854,73.91781,23.91344,0.18401,0
2026-01-12T19:48:00+08:00,41.19793,58.61698,109.12341,72.73845,24.16499,0.15372,0
2026-01-12T19:49:00+08:00,40.90513,57.98744,101.77711,77.39286,25.09126,0.1728,0
2026-01-12T19:50:00+08:00,42.83016,58.15691,108.07725,76.61033,23.11793,0.17131,0
2026-01-12T19:51:00+08:00,40.82196,57.12863,116.10017,73.39162,22.56018,0.16328,0
2026-01-12T19:52:00+08:00,42.90956,59.05419,112.13842,72.69543,24.36928,0.17403,0
2026-01-12T19:53:00+08:00,41.44339,55.37871,117.04066,66.13138,24.3678,0.17084,0
2026-01-12T19:54:00+08:00,41.3013,58.78854,106.23486,71.58824,23.49861,0.18195,0
2026-01-12T19:55:00+08:00,41.155,54.50413,105.27228,77.34448,23.64743,0.18212,0
2026-01-12T19:56:00+08:00,41.38936,55.65404,117.78194,72.80673,23.14493,0.19018,0
2026-01-12T19:57:00+08:00,40.47276,55.701,109.24668,73.24796,23.74285,0.20281,0
2026-01-12T19:58:00+08:00,42.29919,53.34879,110.64623,73.24785,23.51668,0.17853,0
2026-01-12T19:59:00+08:00,41.57534,56.34316,111.92684,71.41227,22.59787,0.21441,0
2026-01-12T20:00:00+08:00,40.28757,56.51995,101.2671,73.31528,22.59054,0.16916,0
2026-01-12T20:01:00+08:00,43.42637,56.99015,111.51692,67.60818,25.07131,0.15931,0
2026-01-12T20:02:00+08:00,44.28936,57.70142,111.54484,70.34641,23.55161,0.16866,0
2026-01-12T20:03:00+08:00,41.6097,56.05692,98.50965,76.30454,23.34998,0.16855,0
2026-01-12T20:04:00+08:00,40.59795,56.8688,104.34617,66.24382,23.80903,0.18177,0
2026-01-12T20:05:00+08:00,41.32837,54.94531,109.44514,68.73169,22.55057,0.16555,0
2026-01-12T20:06:00+08:00,43.32196,56.01555,107.02437,79.15389,23.83836,0.18013,0
2026-01-12T20:07:00+08:00,41.28803,55.77621,98.67596,76.41121,23.98488,0.17393,0
2026-01-12T20:08:00+08:00,41.89351,57.58864,102.26193,72.00253,22.63354,0.19996,0
2026-01-12T20:09:00+08:00,43.94053,53.86408,102.97827,73.69489,23.32054,0.16051,0
2026-01-12T20:10:00+08:00,46.1254,57.24551,113.51655,72.388,24.49998,0.17371,0
2026-01-12T20:11:00+08:00,42.41125,57.76056,103.67505,79.67861,24.13266,0.19637,0
2026-01-12T20:12:00+08:00,41.31667,55.90807,106.76747,76.1115,24.16036,0.17486,0
2026-01-12T20:13:00+08:00,41.79122,55.61766,113.16682,74.48401,23.62957,0.20231,0
2026-01-12T20:14:00+08:00,43.86315,59.08449,111.64537,77.1791,24.35461,0.16154,0
2026-01-12T20:15:00+08:00,47.00508,57.4389,119.00996,74.79258,24.42527,0.17385,0
2026-01-12T20:16:00+08:00,47.10633,58.2112,118.13591,81.76246,25.79332,0.19667,0
2026-01-12T20:17:00+08:00,42.79103,57.10282,112.35231,80.53994,25.09364,0.17032,0
2026-01-12T20:18:00+08:00,45.4962,56.27305,118.21635,74.08522,25.61032,0.19504,0
2026-01-12T20:19:00+08:00,49.76897,59.53138,117.50752,82.21802,24.07597,0.1794,0
2026-01-12T20:20:00+08:00,47.44149,55.84078,120.59553,77.42754,25.62791,0.17971,0
2026-01-12T20:21:00+08:00,48.1164,58.89059,128.95097,81.23842,25.04932,0.19234,0
2026-01-12T20:22:00+08:00,45.44298,59.61195,126.06379,89.35417,25.38539,0.19389,0
2026-01-12T20:23:00+08:00,47.33018,59.5757,126.17484,82.50637,27.12431,0.19115,0
2026-01-12T20:24:00+08:00,50.63481,60.21134,125.33344,82.42618,28.52788,0.19031,0
2026-01-12T20:25:00+08:00,49.87356,58.74069,135.41331,86.71373,25.9244,0.2093,0
2026-01-12T20:26:00+08:00,50.25849,59.24038,131.32142,85.87454,26.91198,0.20372,0
2026-01-12T20:27:00+08:00,51.00323,60.39563,128.81508,83.40171,28.41532,0.19216,0
2026-01-12T20:28:00+08:00,51.40091,59.85419,138.2404,83.19122,26.39073,0.19465,0
2026-01-12T20:29:00+08:00,51.58451,58.64458,127.89826,79.97472,27.41729,0.20208,0
2026-01-12T20:30:00+08:00,48.65864,61.98435,124.51799,89.30103,26.70392,0.2306,0
2026-01-12T20:31:00+08:00,52.98188,59.38926,127.14645,89.14899,27.21694,0.20863,0
2026-01-12T20:32:00+08:00,54.17632,59.83511,132.76799,90.55858,28.28272,0.20966,0
2026-01-12T20:33:00+08:00,51.57577,58.63774,127.50917,88.94907,27.51423,0.21346,0
2026-01-12T20:34:00+08:00,54.13026,59.42488,131.9839,88.79413,27.0701,0.23168,0
2026-01-12T20:35:00+08:00,54.01207,61.39572,142.40343,83.89848,27.74369,0.21825,0
2026-01-12T20:36:00+08:00,50.80014,61.43936,128.05871,90.56644,28.73059,0.21728,0
2026-01-12T20:37:00+08:00,49.13375,59.80122,136.4665,88.59044,25.36291,0.22997,0
2026-01-12T20:38:00+08:00,52.69057,59.98288,138.5624,86.45964,27.15823,0.21839,0
2026-01-12T20:39:00+08:00,55.58074,63.12846,135.22683,89.77982,28.4623,0.19714,0
2026-01-12T20:40:00+08:00,53.42079,60.01484,134.76113,87.54806,28.15562,0.21461,0
2026-01-12T20:41:00+08:00,46.57469,61.13519,136.02481,89.34656,27.55013,0.23387,0
2026-01-12T20:42:00+08:00,52.47247,61.3884,137.59274,88.8192,26.75658,0.18013,0
2026-01-12T20:43:00+08:00,50.82317,61.71008,130.07906,89.80638,27.60665,0.22775,0
2026-01-12T20:44:00+08:00,50.88823,61.21631,133.77428,91.53284,25.83188,0.20411,0
2026-01-12T20:45:00+08:00,52.65607,62.49341,131.78035,85.73438,27.9329,0.22032,0
2026-01-12T20:46:00+08:00,50.1661,60.77804,135.76205,91.83351,27.79374,0.20848,0
2026-01-12T20:47:00+08:00,50.38091,60.92958,128.51476,86.25212,26.03921,0.22357,0
2026-01-12T20:48:00+08:00,48.07519,59.49291,128.77946,91.15514,26.4706,0.1968,0
2026-01-12T20:49:00+08:00,48.77453,62.05628,113.40341,81.6575,29.16456,0.21185,0
2026-01-12T20:50:00+08:00,47.40759,59.68766,126.9621,86.67889,28.2149,0.2079,0
2026-01-12T20:51:00+08:00,48.05766,60.60718,122.28993,80.51324,24.82779,0.18119,0
2026-01-12T20:52:00+08:00,47.04972,57.89601,126.51092,79.49226,23.43603,0.18666,0
2026-01-12T20:53:00+08:00,47.4556,58.48646,131.72321,80.73786,26.91481,0.1987,0
2026-01-12T20:54:00+08:00,47.88221,58.03901,123.03947,79.78808,26.13636,0.19464,0
2026-01-12T20:55:00+08:00,45.92718,60.27268,124.71136,80.26653,25.98195,0.19544,0
2026-01-12T20:56:00+08:00,45.75436,58.94137,118.76013,78.33094,24.26592,0.19075,0
2026-01-12T20:57:00+08:00,48.0477,57.82286,133.80846,83.41013,26.78476,0.20472,0
2026-01-12T20:58:00+08:00,50.09888,57.58992,107.79911,79.03837,26.00789,0.19541,0
2026-01-12T20:59:00+08:00,47.02397,60.22923,121.97456,82.43691,24.56564,0.17836,0
2026-01-12T21:00:00+08:00,49.22762,58.55498,116.4775,77.88184,24.74468,0.18265,0
2026-01-12T21:01:00+08:00,43.83773,56.39834,118.21903,77.7175,26.2554,0.19505,0
2026-01-12T21:02:00+08:00,46.48206,57.32158,118.26227,80.37514,25.84637,0.18951,0
2026-01-12T21:03:00+08:00,47.83623,58.25059,122.57865,77.66445,23.52619,0.19382,0
2026-01-12T21:04:00+08:00,47.12068,58.95442,120.54544,77.9758,24.39997,0.19723,0
2026-01-12T21:05:00+08:00,46.53519,57.45694,123.87302,76.30509,24.58186,0.21116,0
2026-01-12T21:06:00+08:00,47.3134,57.71314,119.72252,79.39289,22.62893,0.17804,0
2026-01-12T21:07:00+08:00,45.66889,57.71944,119.54503,82.3319,24.81478,0.17611,0
2026-01-12T21:08:00+08:00,46.38141,57.77396,117.61208,78.11993,27.13632,0.16086,0
2026-01-12T21:09:00+08:00,45.15701,58.21921,114.62232,81.7795,25.87434,0.18958,0
2026-01-12T21:10:00+08:00,45.44809,58.11244,118.18533,78.95817,25.00492,0.19377,0
2026-01-12T21:11:00+08:00,47.38685,56.69969,113.67484,74.08454,25.99219,0.19408,0
2026-01-12T21:12:00+08:00,47.04901,56.48717,128.10081,77.65849,25.4072,0.20232,0
2026-01-12T21:13:00+08:00,44.48011,57.68549,120.33967,88.2248,25.57368,0.21251,0
2026-01-12T21:14:00+08:00,48.54848,58.92624,114.77578,83.00536,24.00301,0.21288,0
2026-01-12T21:15:00+08:00,46.86001,55.05471,118.29747,81.96184,25.18668,0.2018,0
2026-01-12T21:16:00+08:00,45.08742,56.85257,119.91127,80.26251,25.13344,0.20887,0
2026-01-12T21:17:00+08:00,45.19591,59.00409,120.85706,75.65311,24.30338,0.19346,0
2026-01-12T21:18:00+08:00,50.38828,59.3911,112.1081,71.12871,26.1886,0.1924,0
2026-01-12T21:19:00+08:00,48.95509,57.52684,122.6672,83.1111,25.15761,0.18839,0
2026-01-12T21:20:00+08:00,47.00383,59.40192,120.97599,83.57678,25.1676,0.17687,0
2026-01-12T21:21:00+08:00,50.54958,57.92441,118.28012,80.50405,25.65687,0.18923,0
2026-01-12T21:22:00+08:00,46.96401,58.66062,122.00643,73.63524,27.29095,0.19235,0
2026-01-12T21:23:00+08:00,48.01354,56.90922,118.71567,78.65222,26.91012,0.18656,0
2026-01-12T21:24:00+08:00,48.27198,57.82907,118.6682,79.84541,26.71844,0.16939,0
2026-01-12T21:25:00+08:00,44.44207,56.10148,115.27167,78.00844,24.07107,0.18406,0
2026-01-12T21:26:00+08:00,43.04871,57.2517,126.40254,81.46104,25.6388,0.18009,0
2026-01-12T21:27:00+08:00,43.73606,57.01953,119.78626,82.60598,26.21254,0.2007,0
2026-01-12T21:28:00+08:00,44.95946,58.44066,117.90658,79.09224,27.14824,0.16883,0
2026-01-12T21:29:00+08:00,45.61082,59.87523,111.60365,77.40195,24.73716,0.18793,0
2026-01-12T21:30:00+08:00,42.86724,58.94814,121.5942,80.43935,24.31265,0.19091,0
2026-01-12T21:31:00+08:00,43.78922,57.59972,128.27184,78.7274,23.89451,0.19095,0
2026-01-12T21:32:00+08:00,42.60631,56.31537,111.45619,76.5807,25.65909,0.1948,0
2026-01-12T21:33:00+08:00,45.57736,56.27253,113.03279,78.1531,24.0889,0.18222,0
2026-01-12T21:34:00+08:00,44.9945,57.0609,115.87328,81.49255,24.32535,0.19962,0
2026-01-12T21:35:00+08:00,44.74167,55.4075,108.16887,73.54893,23.52457,0.18145,0
2026-01-12T21:36:00+08:00,44.35002,58.73613,114.09781,74.01105,22.22345,0.18179,0
2026-01-12T21:37:00+08:00,42.77682,57.12228,121.91505,78.3367,24.59873,0.16653,0
2026-01-12T21:38:00+08:00,41.27589,56.53354,106.29276,75.35751,24.00093,0.16299,0
2026-01-12T21:39:00+08:00,43.80891,56.55642,100.27954,72.92403,23.71494,0.18784,0
2026-01-12T21:40:00+08:00,40.49369,57.26253,108.59549,68.3422,21.96681,0.18781,0
2026-01-12T21:41:00+08:00,42.6964,56.36705,113.86397,74.66073,23.63272,0.15938,0
2026-01-12T21:42:00+08:00,43.10354,56.40589,103.18388,68.69086,23.02589,0.14752,0
2026-01-12T21:43:00+08:00,40.69552,54.23298,105.707,68.34387,22.33647,0.15743,0
2026-01-12T21:44:00+08:00,38.60573,57.69731,109.54459,70.20049,22.33561,0.17632,0
2026-01-12T21:45:00+08:00,40.4052,53.93749,101.03282,62.92163,23.15929,0.19031,0
2026-01-12T21:46:00+08:00,38.01083,52.03749,103.31115,64.95442,21.34966,0.16981,0
2026-01-12T21:47:00+08:00,37.84481,53.95972,95.92136,67.35838,21.38612,0.14553,0
2026-01-12T21:48:00+08:00,36.33655,54.84225,97.24699,62.09542,22.46422,0.12274,0
2026-01-12T21:49:00+08:00,35.71265,53.41493,97.92056,67.42228,22.42053,0.14758,0
2026-01-12T21:50:00+08:00,37.18867,54.31149,87.74589,70.89136,19.95823,0.16093,0
2026-01-12T21:51:00+08:00,36.49018,54.26758,93.04312,67.17926,19.71097,0.15339,0
2026-01-12T21:52:00+08:00,34.4699,52.89875,96.96632,67.49655,20.68502,0.16331,0
2026-01-12T21:53:00+08:00,35.3142,52.50716,92.93804,62.99392,20.26287,0.1578,0
2026-01-12T21:54:00+08:00,35.43141,51.50746,85.47733,64.85841,20.06986,0.15539,0
2026-01-12T21:55:00+08:00,36.2446,51.85015,86.28841,68.36461,21.05198,0.1454,0
2026-01-12T21:56:00+08:00,33.03352,52.78555,87.10911,65.81397,19.98677,0.16463,0
2026-01-12T21:57:00+08:00,33.91477,52.05903,90.75055,55.17879,20.54567,0.14792,0
2026-01-12T21:58:00+08:00,36.08654,50.94866,98.61392,65.46466,21.76764,0.14932,0
2026-01-12T21:59:00+08:00,36.43662,51.49236,96.39176,60.70309,19.15838,0.13543,0
2026-01-12T22:00:00+08:00,34.67281,52.35535,94.82405,57.66509,18.75076,0.16807,0
2026-01-12T22:01:00+08:00,36.38027,52.10167,93.13571,66.27771,21.07865,0.15247,0
2026-01-12T22:02:00+08:00,36.85182,52.57031,93.59713,63.34723,20.50673,0.14593,0
2026-01-12T22:03:00+08:00,35.17213,53.63372,88.5658,66.03535,19.93764,0.14874,0
2026-01-12T22:04:00+08:00,34.69965,54.13603,83.64711,66.57437,20.28317,0.16811,0
2026-01-12T22:05:00+08:00,34.58649,53.69958,104.30536,63.37825,22.09384,0.15353,0
2026-01-12T22:06:00+08:00,36.43268,53.95591,99.51908,62.4933,20.18833,0.14557,0
2026-01-12T22:07:00+08:00,36.11948,53.68722,99.41424,68.82849,20.29775,0.14524,0
2026-01-12T22:08:00+08:00,33.6227,56.7286,97.99862,66.73645,20.07698,0.15573,0
2026-01-12T22:09:00+08:00,37.40078,53.8789,102.48511,72.62711,20.5413,0.14344,0
2026-01-12T22:10:00+08:00,35.18407,56.4155,102.95812,65.68488,21.53851,0.14711,0
2026-01-12T22:11:00+08:00,38.64514,53.95317,97.08382,68.3165,21.44804,0.15567,0
2026-01-12T22:12:00+08:00,37.33594,55.59835,107.24254,68.63776,22.44975,0.15711,0
2026-01-12T22:13:00+08:00,36.30723,55.52787,100.47052,62.99106,21.53724,0.15957,0
2026-01-12T22:14:00+08:00,36.91334,56.71147,102.587,71.7369,22.16995,0.1626,0
2026-01-12T22:15:00+08:00,36.38006,54.90091,100.7874,63.84999,21.5408,0.15818,0
2026-01-12T22:16:00+08:00,39.02349,55.57657,98.30307,69.66265,21.94782,0.12584,0
2026-01-12T22:17:00+08:00,37.59665,56.46088,93.23465,68.86537,23.61438,0.15393,0
2026-01-12T22:18:00+08:00,38.63695,53.43324,110.15462,68.51154,22.2952,0.18201,0
2026-01-12T22:19:00+08:00,39.95976,54.04844,99.09299,70.44066,21.74593,0.13737,0
2026-01-12T22:20:00+08:00,38.77982,53.30815,110.65434,69.63845,21.53561,0.15619,0
2026-01-12T22:21:00+08:00,35.55082,53.83573,107.82844,75.91213,23.03445,0.16435,0
2026-01-12T22:22:00+08:00,38.21934,54.04093,113.14882,68.715,24.30281,0.18382,0
2026-01-12T22:23:00+08:00,35.87769,54.42474,99.53735,69.06207,22.35017,0.20471,0
2026-01-12T22:24:00+08:00,37.05611,55.58128,105.92852,69.27402,22.49721,0.15211,0
2026-01-12T22:25:00+08:00,39.14166,55.9291,104.38083,70.92487,23.65134,0.17772,0
2026-01-12T22:26:00+08:00,39.00571,53.70988,99.57685,68.45165,22.57806,0.15906,0
2026-01-12T22:27:00+08:00,37.09513,53.64653,94.09714,68.26579,20.98908,0.15192,0
2026-01-12T22:28:00+08:00,37.94976,53.40279,103.97598,71.01893,21.76903,0.15881,0
2026-01-12T22:29:00+08:00,39.48578,54.15112,97.84269,72.18722,23.00313,0.17181,0
2026-01-12T22:30:00+08:00,40.02787,52.4417,108.16737,69.55006,23.05439,0.16847,0
2026-01-12T22:31:00+08:00,38.28047,54.5817,102.84694,67.19677,22.85805,0.14221,0
2026-01-12T22:32:00+08:00,37.03966,57.52163,97.47416,67.1618,21.21148,0.16656,0
2026-01-12T22:33:00+08:00,36.5069,54.54392,104.43216,65.5211,22.64262,0.17223,0
2026-01-12T22:34:00+08:00,39.54872,54.88976,115.97726,70.52046,22.15231,0.14951,0
2026-01-12T22:35:00+08:00,37.29711,56.485,107.91182,71.53758,22.4954,0.14393,0
2026-01-12T22:36:00+08:00,38.17958,52.94447,91.54023,67.57847,22.19196,0.1714,0
2026-01-12T22:37:00+08:00,38.04171,55.18257,93.69814,66.32344,20.30234,0.13305,0
2026-01-12T22:38:00+08:00,38.3418,53.45322,102.66797,69.76597,21.04607,0.16628,0
2026-01-12T22:39:00+08:00,35.70212,51.98273,98.65586,64.86195,21.1608,0.18387,0
2026-01-12T22:40:00+08:00,34.0549,54.84121,92.85784,68.86971,21.78917,0.16279,0
2026-01-12T22:41:00+08:00,35.03923,53.32189,102.32774,71.36957,21.92829,0.14598,0
2026-01-12T22:42:00+08:00,37.32133,57.46053,98.1378,70.40157,20.8182,0.15699,0
2026-01-12T22:43:00+08:00,37.8332,54.82423,93.80916,63.59713,22.37665,0.17305,0
2026-01-12T22:44:00+08:00,39.48459,56.67199,98.41648,65.15602,22.72098,0.16699,0
2026-01-12T22:45:00+08:00,35.07907,53.01948,100.39676,65.67887,21.51521,0.17197,0
2026-01-12T22:46:00+08:00,38.34001,56.14615,88.56801,67.15125,22.21472,0.13863,0
2026-01-12T22:47:00+08:00,35.96365,53.397,98.71983,71.51565,23.47732,0.14849,0
2026-01-12T22:48:00+08:00,38.30188,55.30675,101.03315,68.13133,22.015,0.18177,0
2026-01-12T22:49:00+08:00,39.59288,53.31113,103.65504,69.97489,22.12685,0.17545,0
2026-01-12T22:50:00+08:00,38.24341,55.07698,100.96021,61.66652,21.88959,0.15312,0
2026-01-12T22:51:00+08:00,36.10654,56.82515,103.64595,68.11358,21.58854,0.16686,0
2026-01-12T22:52:00+08:00,40.40307,54.04715,101.96096,71.34489,20.50499,0.1636,0
2026-01-12T22:53:00+08:00,38.25886,55.12527,100.42119,69.74371,24.1439,0.16162,0
2026-01-12T22:54:00+08:00,40.00376,58.08404,101.2012,75.41358,22.59626,0.19059,0
2026-01-12T22:55:00+08:00,41.30692,56.09491,104.71541,68.78011,22.85084,0.1808,0
2026-01-12T22:56:00+08:00,40.43798,55.50049,104.94398,74.35111,24.08728,0.16226,0
2026-01-12T22:57:00+08:00,39.78628,56.63163,115.04278,75.56617,22.06923,0.16939,0
2026-01-12T22:58:00+08:00,39.86165,56.02512,116.67746,68.64183,21.95772,0.164,0
2026-01-12T22:59:00+08:00,42.61518,57.42042,112.12558,77.23852,22.05243,0.19223,0
2026-01-12T23:00:00+08:00,42.10706,57.80901,104.62592,74.54178,24.08018,0.19384,0
2026-01-12T23:01:00+08:00,40.39084,57.14468,107.13222,76.86548,24.79721,0.19761,0
2026-01-12T23:02:00+08:00,42.85641,58.55659,120.67756,71.24092,24.87889,0.19539,0
2026-01-12T23:03:00+08:00,43.92367,56.02144,119.8905,73.3863,24.39524,0.18444,0
2026-01-12T23:04:00+08:00,46.23714,57.02074,113.03234,78.08128,25.68542,0.2167,0
2026-01-12T23:05:00+08:00,42.78063,58.47884,112.26812,81.61943,24.15295,0.18014,0
2026-01-12T23:06:00+08:00,44.95891,58.19505,120.51791,80.76481,25.20265,0.1735,0
2026-01-12T23:07:00+08:00,47.83137,58.44031,125.85749,77.90729,23.96649,0.19213,0
2026-01-12T23:08:00+08:00,49.32811,58.92154,120.13398,78.09667,27.18015,0.18088,0
2026-01-12T23:09:00+08:00,46.13237,59.64308,112.86408,85.16389,26.33701,0.20754,0
2026-01-12T23:10:00+08:00,48.85081,58.86748,117.76128,81.50291,25.06077,0.20363,0
2026-01-12T23:11:00+08:00,49.66918,61.1557,125.78336,85.22655,25.81936,0.19241,0
2026-01-12T23:12:00+08:00,49.40075,58.87536,126.02738,79.74233,25.42579,0.20808,0
2026-01-12T23:13:00+08:00,50.43395,58.22061,128.69687,81.74167,26.35002,0.21927,0
2026-01-12T23:14:00+08:00,50.53855,60.64252,135.45269,81.58132,25.54674,0.19234,0
2026-01-12T23:15:00+08:00,48.83084,56.63434,125.33758,82.35049,27.22096,0.20704,0
2026-01-12T23:16:00+08:00,48.36814,60.53097,130.35779,81.90778,26.13604,0.1741,0
2026-01-12T23:17:00+08:00,47.60368,58.84916,127.38081,81.54509,26.16464,0.18752,0
2026-01-12T23:18:00+08:00,49.95034,60.40014,129.1943,84.52613,25.26997,0.19566,0
2026-01-12T23:19:00+08:00,48.94415,59.33742,127.6373,88.81562,27.40181,0.19101,0
2026-01-12T23:20:00+08:00,50.89491,60.69258,123.22402,87.08057,26.52517,0.18551,0
2026-01-12T23:21:00+08:00,50.45362,60.1253,126.02563,84.36515,26.00653,0.21163,0
2026-01-12T23:22:00+08:00,49.48344,60.02852,128.78376,80.91003,25.8198,0.17471,0
2026-01-12T23:23:00+08:00,50.4758,58.19238,127.42688,85.34049,27.12582,0.18742,0
2026-01-12T23:24:00+08:00,49.21347,61.88455,135.04188,87.00591,26.83605,0.18954,0
2026-01-12T23:25:00+08:00,50.47359,59.44317,128.92852,81.93014,26.31639,0.20421,0
2026-01-12T23:26:00+08:00,49.45467,60.21814,122.84429,79.55782,27.86685,0.23383,0
2026-01-12T23:27:00+08:00,49.63435,57.77695,121.45744,84.85449,27.5386,0.18505,0
2026-01-12T23:28:00+08:00,48.41359,59.67074,129.20835,82.02261,24.84752,0.20821,0
2026-01-12T23:29:00+08:00,50.46568,59.22451,126.46287,81.34945,25.41522,0.21278,0
2026-01-12T23:30:00+08:00,48.94191,59.88509,131.49782,79.3275,25.60094,0.20078,0
2026-01-12T23:31:00+08:00,47.03612,60.18317,122.61018,79.23938,26.07995,0.20026,0
2026-01-12T23:32:00+08:00,49.5501,59.59723,125.43184,82.91469,25.77767,0.18807,0
2026-01-12T23:33:00+08:00,48.21569,58.57941,131.18232,85.7348,26.44787,0.20169,0
2026-01-12T23:34:00+08:00,47.38162,57.30623,121.29615,81.78983,26.02249,0.20232,0
2026-01-12T23:35:00+08:00,49.06198,57.98745,118.64995,85.6434,26.45532,0.19065,0
2026-01-12T23:36:00+08:00,47.09675,58.70493,121.96296,82.54623,27.99738,0.19779,0
2026-01-12T23:37:00+08:00,48.39367,56.60801,119.17778,84.68787,26.04248,0.13795,0
2026-01-12T23:38:00+08:00,48.3528,61.26771,111.48231,85.47181,23.16106,0.20698,0
2026-01-12T23:39:00+08:00,47.09151,55.70521,123.61829,84.31977,25.97033,0.20227,0
2026-01-12T23:40:00+08:00,46.3637,56.33936,124.84153,86.11314,26.65851,0.16882,0
2026-01-12T23:41:00+08:00,44.4063,57.67157,113.48222,81.03701,26.00732,0.17617,0
2026-01-12T23:42:00+08:00,48.59117,59.57815,118.8417,80.47149,23.92212,0.19065,0
2026-01-12T23:43:00+08:00,47.29526,59.0545,123.68174,81.84982,25.47488,0.19901,0
2026-01-12T23:44:00+08:00,49.20466,58.762,123.64741,80.72864,25.17832,0.20252,0
2026-01-12T23:45:00+08:00,46.54854,59.45111,122.53657,80.58526,25.52385,0.18964,0
2026-01-12T23:46:00+08:00,44.75833,59.52095,123.94807,84.29297,25.41,0.2215,0
2026-01-12T23:47:00+08:00,47.23349,57.96965,118.27047,76.82254,27.34617,0.21538,0
2026-01-12T23:48:00+08:00,49.21509,58.03526,132.79063,81.27877,25.81138,0.21702,0
2026-01-12T23:49:00+08:00,49.5537,62.16186,125.51256,81.477,25.59644,0.17516,0
2026-01-12T23:50:00+08:00,48.11362,60.89444,127.82867,83.08248,25.3506,0.203,0
2026-01-12T23:51:00+08:00,50.69513,60.07654,126.25555,80.9978,27.12929,0.16026,0
2026-01-12T23:52:00+08:00,49.82351,62.97044,118.47959,83.0393,26.44664,0.19589,0
2026-01-12T23:53:00+08:00,51.26314,60.35604,127.38474,86.53134,26.57414,0.24419,0
2026-01-12T23:54:00+08:00,49.92982,60.10704,118.66456,82.88021,27.6956,0.18642,0
2026-01-12T23:55:00+08:00,46.02541,60.00302,134.64575,84.99716,26.46109,0.18051,0
2026-01-12T23:56:00+08:00,50.96203,60.92307,119.42955,88.61498,27.54831,0.22025,0
2026-01-12T23:57:00+08:00,51.42013,61.00827,131.44882,88.13368,25.31103,0.18681,0
2026-01-12T23:58:00+08:00,49.24531,60.07557,131.24382,86.7885,28.03344,0.22197,0
2026-01-12T23:59:00+08:00,49.17455,60.62937,125.46334,85.49932,27.38755,0.16335,0
2026-01-13T00:00:00+08:00,55.23032,61.11779,127.05595,92.05365,26.84334,0.2099,0
2026-01-13T00:01:00+08:00,50.12546,62.57713,129.76598,86.88027,28.28431,0.21619,0
2026-01-13T00:02:00+08:00,50.9804,61.90561,143.15693,87.49255,27.33637,0.21107,0
2026-01-13T00:03:00+08:00,53.47395,59.69898,129.15739,81.98078,26.18059,0.20225,0
2026-01-13T00:04:00+08:00,51.01012,62.77587,133.21895,83.85063,26.58914,0.22684,0
2026-01-13T00:05:00+08:00,53.09119,60.49229,128.21775,89.89379,26.33132,0.21389,0
2026-01-13T00:06:00+08:00,55.06211,60.68325,126.34213,87.61872,26.76552,0.19035,0
2026-01-13T00:07:00+08:00,52.09601,61.81068,128.35209,85.05993,26.26825,0.20603,0
2026-01-13T00:08:00+08:00,49.63929,58.96489,138.9501,87.33026,27.57577,0.21881,0
2026-01-13T00:09:00+08:00,51.81174,59.64462,130.33161,84.79844,27.36417,0.21096,0
2026-01-13T00:10:00+08:00,49.46324,58.33707,129.07868,84.60437,25.15948,0.21214,0
2026-01-13T00:11:00+08:00,51.57508,63.21721,125.6725,83.15167,25.73651,0.20713,0
2026-01-13T00:12:00+08:00,49.84634,58.72339,125.94173,78.32424,27.42661,0.19313,0
2026-01-13T00:13:00+08:00,49.02624,57.75471,123.00507,82.85925,26.42529,0.20798,0
2026-01-13T00:14:00+08:00,51.25011,60.37814,129.74746,87.42371,26.77665,0.19974,0
2026-01-13T00:15:00+08:00,50.01544,60.62307,127.12635,78.06332,25.3223,0.19499,0
2026-01-13T00:16:00+08:00,49.11351,58.9909,128.45049,85.67455,26.96333,0.21249,0
2026-01-13T00:17:00+08:00,45.33075,59.42629,118.55628,76.04901,25.42021,0.21221,0
2026-01-13T00:18:00+08:00,47.49425,61.19383,121.2631,87.579,25.62574,0.19338,0
2026-01-13T00:19:00+08:00,43.81464,59.77982,116.61518,77.51248,26.40012,0.20619,0
2026-01-13T00:20:00+08:00,47.59771,57.6263,117.59658,78.4776,25.72827,0.20934,0
2026-01-13T00:21:00+08:00,45.65991,60.42332,121.0511,77.14881,25.54474,0.20931,0
2026-01-13T00:22:00+08:00,48.03109,59.1576,115.40647,76.39873,25.09213,0.20688,0
2026-01-13T00:23:00+08:00,44.65648,57.96619,114.25858,75.26732,24.20436,0.18489,0
2026-01-13T00:24:00+08:00,46.41922,56.82836,113.00966,72.87049,24.77562,0.19893,0
2026-01-13T00:25:00+08:00,45.71575,57.17508,114.39554,74.24171,24.39188,0.18334,0
2026-01-13T00:26:00+08:00,42.38005,56.86844,112.60286,73.08207,23.49182,0.19961,0
2026-01-13T00:27:00+08:00,46.66034,54.91205,102.91717,70.38762,23.41958,0.18729,0
2026-01-13T00:28:00+08:00,42.37828,56.50108,110.79103,70.51521,23.1059,0.17372,0
2026-01-13T00:29:00+08:00,38.02504,54.58028,101.53875,74.25894,23.37147,0.18036,0
2026-01-13T00:30:00+08:00,37.16079,53.98801,109.53817,63.0528,24.09103,0.14727,0
2026-01-13T00:31:00+08:00,41.62121,54.60335,110.62324,80.48618,20.79542,0.17869,0
2026-01-13T00:32:00+08:00,36.51705,56.17126,103.58727,70.77756,21.88818,0.17862,0
2026-01-13T00:33:00+08:00,36.87232,57.10528,101.90657,65.76244,24.02719,0.16655,0
2026-01-13T00:34:00+08:00,42.66076,56.97077,99.38531,69.35506,22.59974,0.18637,0
2026-01-13T00:35:00+08:00,39.80268,55.52139,101.89237,69.15569,23.58019,0.16582,0
2026-01-13T00:36:00+08:00,38.13264,54.48484,99.73092,64.85605,21.66212,0.18464,0
2026-01-13T00:37:00+08:00,38.33994,56.07794,89.80465,70.57896,22.13951,0.15843,0
2026-01-13T00:38:00+08:00,38.94421,54.47763,91.36572,71.50743,22.46611,0.16027,0
2026-01-13T00:39:00+08:00,36.82278,53.18715,102.97528,73.50021,22.40762,0.14617,0
2026-01-13T00:40:00+08:00,38.94514,55.01919,106.12576,70.44866,19.52873,0.17116,0
2026-01-13T00:41:00+08:00,36.74359,53.24455,100.88587,69.87556,20.74328,0.17327,0
2026-01-13T00:42:00+08:00,39.96264,55.17048,97.57876,65.75991,23.15879,0.1446,0
2026-01-13T00:43:00+08:00,40.56889,54.92217,101.58446,63.66551,22.12909,0.17245,0
2026-01-13T00:44:00+08:00,36.3332,55.82197,102.70503,66.98121,23.0647,0.13615,0
2026-01-13T00:45:00+08:00,39.46634,57.3234,109.69645,70.22988,22.06541,0.15689,0
2026-01-13T00:46:00+08:00,38.41413,55.97526,98.72812,71.49999,24.3036,0.16476,0
2026-01-13T00:47:00+08:00,36.66574,53.57425,106.93574,69.22883,23.22341,0.15908,0
2026-01-13T00:48:00+08:00,40.71179,55.17278,99.68986,68.39224,21.40932,0.19235,0
2026-01-13T00:49:00+08:00,39.17456,56.27275,100.96834,66.62715,22.32873,0.18127,0
2026-01-13T00:50:00+08:00,62.53813,54.35779,104.72121,71.462,39.06874,0.17201,1
2026-01-13T00:51:00+08:00,64.75383,56.47562,98.45126,67.24521,36.66235,0.15052,1
2026-01-13T00:52:00+08:00,65.13343,55.96347,104.85829,62.50985,39.53057,0.15659,1
2026-01-13T00:53:00+08:00,67.48579,53.74135,100.60662,63.80934,38.04292,0.15423,1
2026-01-13T00:54:00+08:00,61.93252,53.8717,108.71859,72.65428,39.3764,0.15989,1
2026-01-13T00:55:00+08:00,64.30653,54.00072,103.26801,69.03297,38.18307,0.1822,1
2026-01-13T00:56:00+08:00,65.7199,54.59119,109.98887,70.49058,37.48226,0.15985,1
2026-01-13T00:57:00+08:00,62.92373,57.94998,106.5236,71.14042,37.53662,0.20084,1
2026-01-13T00:58:00+08:00,66.24674,54.73307,103.54099,69.92543,37.89037,0.1598,1
2026-01-13T00:59:00+08:00,64.62285,57.53042,98.19295,67.09124,37.29835,0.16301,1
2026-01-13T01:00:00+08:00,67.33383,56.90362,109.26239,69.54489,37.43695,0.14947,1
2026-01-13T01:01:00+08:00,65.01544,56.18479,110.67754,69.52223,37.51572,0.1701,1
2026-01-13T01:02:00+08:00,65.05382,53.56661,107.56234,69.8648,36.62659,0.14022,1
2026-01-13T01:03:00+08:00,63.01204,57.27818,111.81958,70.71998,39.26888,0.16608,1
2026-01-13T01:04:00+08:00,64.75349,54.71521,100.36997,67.30683,35.56054,0.18258,1
2026-01-13T01:05:00+08:00,61.63488,54.15377,96.47687,68.37238,38.90307,0.19218,1
2026-01-13T01:06:00+08:00,59.52731,54.61788,96.58106,71.56054,37.46468,0.15571,1
2026-01-13T01:07:00+08:00,62.35214,54.33143,109.14897,69.81447,37.69145,0.12826,1
2026-01-13T01:08:00+08:00,61.78675,57.52545,106.98943,62.18297,36.6807,0.14619,1
2026-01-13T01:09:00+08:00,64.65684,54.99336,95.76526,67.35512,34.48411,0.14653,1
2026-01-13T01:10:00+08:00,61.30069,55.6287,89.1165,65.62095,37.60275,0.14054,1
2026-01-13T01:11:00+08:00,61.29841,54.46543,106.59678,65.57514,36.39991,0.16928,1
2026-01-13T01:12:00+08:00,58.14621,53.94155,94.94112,65.34561,37.17702,0.16411,1
2026-01-13T01:13:00+08:00,58.8353,54.25611,103.87032,62.76722,36.40382,0.15314,1
2026-01-13T01:14:00+08:00,59.72498,51.81088,102.68442,62.44607,37.05882,0.14634,1
2026-01-13T01:15:00+08:00,58.3788,55.36479,99.83733,64.91844,36.68692,0.14948,1
2026-01-13T01:16:00+08:00,59.17144,52.79125,98.66091,61.75762,37.21124,0.14799,1
2026-01-13T01:17:00+08:00,58.92522,54.50991,93.57831,62.51814,35.7283,0.16265,1
2026-01-13T01:18:00+08:00,57.42133,53.24209,92.88448,65.61441,35.55592,0.17356,1
2026-01-13T01:19:00+08:00,58.08731,52.99205,91.41703,58.72019,34.61458,0.14228,1
2026-01-13T01:20:00+08:00,60.2005,53.16665,89.36193,66.04532,36.85846,0.16473,1
2026-01-13T01:21:00+08:00,56.44314,52.48991,100.44857,62.83585,35.15062,0.15712,1
2026-01-13T01:22:00+08:00,59.6534,52.33151,92.16065,64.69434,34.29185,0.14745,1
2026-01-13T01:23:00+08:00,55.73743,51.7542,88.02641,63.20755,35.00751,0.13851,1
2026-01-13T01:24:00+08:00,57.78289,51.51899,92.86422,65.09429,35.20475,0.14412,1
2026-01-13T01:25:00+08:00,58.35439,50.36964,93.38624,70.99451,35.16247,0.14517,1
2026-01-13T01:26:00+08:00,59.05927,55.16212,95.66518,55.27714,35.79537,0.18029,1
2026-01-13T01:27:00+08:00,58.92681,51.55891,92.39523,58.02424,36.43209,0.13474,1
2026-01-13T01:28:00+08:00,34.07277,52.00166,88.5572,66.51435,20.46876,0.14037,0
2026-01-13T01:29:00+08:00,32.05698,50.76038,85.44277,62.64786,21.32957,0.141,0
2026-01-13T01:30:00+08:00,37.17007,52.35715,91.02272,59.39426,21.42892,0.17635,0
2026-01-13T01:31:00+08:00,31.44033,52.95496,99.15043,58.67574,21.15466,0.16592,0
2026-01-13T01:32:00+08:00,35.06259,54.25325,102.33999,69.30496,20.71294,0.14423,0
2026-01-13T01:33:00+08:00,33.61498,54.9576,87.47472,63.20077,21.0008,0.14586,0
2026-01-13T01:34:00+08:00,36.1597,57.18645,94.60577,63.20239,21.97621,0.15689,0
2026-01-13T01:35:00+08:00,38.66428,54.24558,94.92583,59.75379,19.77163,0.1314,0
2026-01-13T01:36:00+08:00,37.20223,52.45169,103.46514,65.83277,21.188,0.14588,0
2026-01-13T01:37:00+08:00,38.10972,53.37829,93.33518,69.97885,21.91502,0.15548,0
2026-01-13T01:38:00+08:00,38.63429,54.64577,101.29726,64.66333,23.65524,0.15275,0
2026-01-13T01:39:00+08:00,40.78575,54.60515,104.57245,70.03827,23.02613,0.15116,0
2026-01-13T01:40:00+08:00,40.43663,57.47201,100.42193,68.67624,21.72909,0.15943,0
2026-01-13T01:41:00+08:00,42.1021,53.98944,98.19577,74.14918,22.97071,0.19336,0
2026-01-13T01:42:00+08:00,38.73239,55.68267,100.79532,70.4916,21.02059,0.17656,0
2026-01-13T01:43:00+08:00,40.64287,55.66544,103.32958,68.11662,23.47919,0.15428,0
2026-01-13T01:44:00+08:00,41.49054,58.65498,113.87133,67.01194,22.54459,0.1768,0
2026-01-13T01:45:00+08:00,40.9377,54.35115,109.50192,72.20454,24.94858,0.16979,0
2026-01-13T01:46:00+08:00,43.64401,54.72776,103.52647,75.08156,24.392,0.16235,0
2026-01-13T01:47:00+08:00,42.04067,54.77423,108.8021,76.07839,23.20747,0.17318,0
2026-01-13T01:48:00+08:00,40.39418,55.91191,119.48268,74.40136,22.86905,0.17386,0
2026-01-13T01:49:00+08:00,39.95444,55.60865,118.4127,74.32943,25.63358,0.17815,0
2026-01-13T01:50:00+08:00,43.13583,57.91913,99.09555,75.90137,24.03615,0.20003,0
2026-01-13T01:51:00+08:00,45.27428,55.75671,119.44009,74.98143,23.40114,0.18448,0
2026-01-13T01:52:00+08:00,43.47487,59.35994,115.62277,76.81676,25.14652,0.19721,0
2026-01-13T01:53:00+08:00,45.51581,59.31901,117.56985,77.08198,25.55738,0.18277,0
2026-01-13T01:54:00+08:00,44.3934,59.80957,123.15775,76.88056,24.12523,0.20378,0
2026-01-13T01:55:00+08:00,45.96517,58.06358,113.87503,78.17283,24.59023,0.17681,0
2026-01-13T01:56:00+08:00,44.91058,58.06432,113.95914,80.10905,25.83127,0.1986,0
2026-01-13T01:57:00+08:00,44.29889,58.75234,116.49526,73.85867,25.32391,0.18831,0
2026-01-13T01:58:00+08:00,49.54776,59.6999,119.85146,78.43233,24.8991,0.17366,0
2026-01-13T01:59:00+08:00,41.79979,56.6928,116.17278,71.44048,24.2821,0.18367,0
2026-01-13T02:00:00+08:00,44.56258,56.97562,114.75036,82.95789,25.37607,0.17968,0
2026-01-13T02:01:00+08:00,44.82031,57.79605,112.60214,75.4688,25.68681,0.18148,0
2026-01-13T02:02:00+08:00,42.94173,57.76342,116.96075,71.81358,24.7282,0.19811,0
2026-01-13T02:03:00+08:00,45.67266,60.69607,122.50799,82.00458,27.26426,0.1965,0
2026-01-13T02:04:00+08:00,45.0855,59.03385,113.29975,77.88302,24.13383,0.19157,0
2026-01-13T02:05:00+08:00,43.53739,56.84021,117.97784,77.03091,22.94956,0.16719,0
2026-01-13T02:06:00+08:00,42.55618,56.54696,117.77784,77.9729,25.60725,0.19558,0
2026-01-13T02:07:00+08:00,46.457,58.44559,116.54001,80.48031,25.4385,0.19034,0
2026-01-13T02:08:00+08:00,46.7221,54.56512,113.82578,76.13144,25.61108,0.20555,0
2026-01-13T02:09:00+08:00,41.73504,59.4111,109.21788,73.4983,24.32729,0.18067,0
2026-01-13T02:10:00+08:00,41.46024,58.38715,118.28934,79.96983,24.11605,0.184,0
2026-01-13T02:11:00+08:00,44.14359,59.70798,100.56788,73.84111,24.48433,0.17017,0
2026-01-13T02:12:00+08:00,43.68314,57.32815,111.33583,76.83357,25.02458,0.18103,0
2026-01-13T02:13:00+08:00,43.3025,57.26376,114.51883,71.37655,24.8627,0.17813,0
2026-01-13T02:14:00+08:00,46.3828,58.24496,120.39212,73.55561,24.11057,0.16782,0
2026-01-13T02:15:00+08:00,42.86299,59.11302,122.02564,73.17322,24.04048,0.18305,0
2026-01-13T02:16:00+08:00,45.23569,55.21865,106.6858,78.15688,22.71851,0.17841,0
2026-01-13T02:17:00+08:00,44.5536,58.08115,114.17561,75.70535,25.26485,0.18821,0
2026-01-13T02:18:00+08:00,43.20991,57.63813,117.05765,82.11834,25.25751,0.2007,0
2026-01-13T02:19:00+08:00,43.4216,56.97029,114.29896,76.7417,23.70105,0.20189,0
2026-01-13T02:20:00+08:00,46.29078,57.33151,119.09597,78.09833,25.32814,0.1686,0
2026-01-13T02:21:00+08:00,44.65241,57.74509,119.49444,75.84983,22.5159,0.17278,0
2026-01-13T02:22:00+08:00,45.05174,58.00946,125.35961,79.83628,24.93803,0.1873,0
2026-01-13T02:23:00+08:00,47.42818,57.27885,116.8772,75.21887,26.25327,0.19382,0
2026-01-13T02:24:00+08:00,44.47641,58.02976,120.83387,78.17635,24.61896,0.18132,0
2026-01-13T02:25:00+08:00,46.69748,57.85768,116.78801,75.40231,25.30482,0.18867,0
2026-01-13T02:26:00+08:00,45.87118,58.73703,123.62605,82.03347,25.87751,0.18919,0
2026-01-13T02:27:00+08:00,45.81462,57.28657,117.80043,80.53783,24.82643,0.19495,0
2026-01-13T02:28:00+08:00,45.50123,56.65745,125.78629,79.63254,24.94229,0.18092,0
2026-01-13T02:29:00+08:00,48.41924,60.78357,120.63097,81.00727,26.82758,0.1731,0
2026-01-13T02:30:00+08:00,51.62758,62.35756,110.09623,81.97494,25.38783,0.19473,0
2026-01-13T02:31:00+08:00,47.76986,60.42227,124.06104,80.15721,26.05421,0.20642,0
2026-01-13T02:32:00+08:00,46.8297,57.41435,135.58747,81.58757,26.26054,0.19612,0
2026-01-13T02:33:00+08:00,50.38138,62.04526,129.5164,79.58036,25.31222,0.19765,0
2026-01-13T02:34:00+08:00,49.33863,57.68494,131.68859,81.48597,28.07255,0.22803,0
2026-01-13T02:35:00+08:00,49.78867,60.67161,122.37862,87.2075,26.44584,0.19171,0
2026-01-13T02:36:00+08:00,50.11156,59.66554,127.8196,88.75241,26.34617,0.22981,0
2026-01-13T02:37:00+08:00,48.62229,62.5318,125.22006,86.43609,26.76178,0.20413,0
2026-01-13T02:38:00+08:00,52.79872,62.53104,137.05269,85.72298,27.50834,0.19968,0
2026-01-13T02:39:00+08:00,49.89014,59.22764,129.64056,88.14158,25.74934,0.21038,0
2026-01-13T02:40:00+08:00,54.68843,62.29831,129.55314,83.60879,27.99768,0.18187,0
2026-01-13T02:41:00+08:00,54.20512,60.66812,142.20071,82.97173,28.50907,0.21157,0
2026-01-13T02:42:00+08:00,51.81782,59.25365,136.49579,90.47657,29.3721,0.22673,0
2026-01-13T02:43:00+08:00,51.50867,59.7997,127.04938,93.10207,27.13071,0.23345,0
2026-01-13T02:44:00+08:00,53.64185,61.58461,132.62958,90.83447,27.86476,0.20983,0
2026-01-13T02:45:00+08:00,54.02212,60.99968,130.33818,90.75564,27.85014,0.22125,0
2026-01-13T02:46:00+08:00,51.97756,59.62579,143.06281,93.63199,28.71321,0.20994,0
2026-01-13T02:47:00+08:00,52.23132,62.98498,132.56659,87.06217,29.59377,0.21428,0
2026-01-13T02:48:00+08:00,55.88478,59.33992,136.76604,95.07269,27.90742,0.21122,0
2026-01-13T02:49:00+08:00,50.48244,62.51464,130.05654,88.40756,26.7227,0.23447,0
2026-01-13T02:50:00+08:00,54.50028,60.99672,127.76409,93.06699,27.43926,0.19928,0
2026-01-13T02:51:00+08:00,49.04289,60.1094,125.78899,86.2954,28.35585,0.20803,0
2026-01-13T02:52:00+08:00,52.60658,59.90238,132.82033,93.57176,27.2729,0.21702,0
2026-01-13T02:53:00+08:00,48.86123,62.69578,129.45208,90.55042,27.36081,0.21895,0
2026-01-13T02:54:00+08:00,52.56426,59.99316,136.55996,84.66081,28.04272,0.20477,0
2026-01-13T02:55:00+08:00,51.63094,59.82872,130.53956,83.20697,27.4235,0.20915,0
2026-01-13T02:56:00+08:00,49.64676,60.19376,130.08495,84.03526,26.93173,0.19414,0
2026-01-13T02:57:00+08:00,54.4349,61.46796,129.85136,88.82002,25.1037,0.17251,0
2026-01-13T02:58:00+08:00,49.06813,58.11652,126.32977,85.31247,27.54311,0.18944,0
2026-01-13T02:59:00+08:00,50.06584,59.73864,128.24385,82.50712,27.78342,0.20132,0
2026-01-13T03:00:00+08:00,52.08983,58.49948,129.1914,83.24429,26.06355,0.20928,0
2026-01-13T03:01:00+08:00,47.90253,55.87132,109.12233,86.59019,27.28365,0.22397,0
2026-01-13T03:02:00+08:00,47.95395,57.45622,121.29752,82.15642,25.08787,0.21924,0
2026-01-13T03:03:00+08:00,51.56548,59.56507,122.30996,77.59278,27.20554,0.19719,0
2026-01-13T03:04:00+08:00,46.57169,59.37932,118.42502,81.28661,24.33866,0.20875,0
2026-01-13T03:05:00+08:00,46.47533,60.07641,119.36751,79.82464,24.37422,0.20296,0
2026-01-13T03:06:00+08:00,44.67516,57.76122,119.43763,80.00892,23.76518,0.18861,0
2026-01-13T03:07:00+08:00,47.29253,57.73435,117.41603,79.57452,25.03108,0.17682,0
2026-01-13T03:08:00+08:00,45.42952,59.36156,112.44684,77.44075,23.75451,0.20115,0
2026-01-13T03:09:00+08:00,44.98984,56.81877,117.38951,74.46931,23.93229,0.16872,0
2026-01-13T03:10:00+08:00,42.9268,59.55611,112.55612,79.03725,23.98613,0.19647,0
2026-01-13T03:11:00+08:00,42.72272,57.72371,115.85208,84.2258,25.19525,0.1779,0
2026-01-13T03:12:00+08:00,45.55865,60.34772,106.88166,74.36621,24.31702,0.17931,0
2026-01-13T03:13:00+08:00,43.51662,55.7826,121.56968,72.32586,24.26604,0.19758,0
2026-01-13T03:14:00+08:00,43.88579,56.1297,107.40547,75.65303,23.69472,0.18603,0
2026-01-13T03:15:00+08:00,41.27641,58.39938,114.40408,76.71097,25.61658,0.17716,0
2026-01-13T03:16:00+08:00,42.3851,56.58429,112.6181,75.71506,23.529,0.15617,0
2026-01-13T03:17:00+08:00,42.60687,57.732,114.09053,79.47944,26.00655,0.19207,0
2026-01-13T03:18:00+08:00,46.06073,58.24203,121.85737,81.36998,25.08493,0.19123,0
2026-01-13T03:19:00+08:00,43.1869,57.18468,111.58239,77.65849,23.57421,0.1795,0
2026-01-13T03:20:00+08:00,39.32693,59.48269,112.19189,77.17565,25.5385,0.18593,0
2026-01-13T03:21:00+08:00,46.19873,55.64242,125.35582,79.11691,24.42785,0.20066,0
2026-01-13T03:22:00+08:00,41.54736,56.90376,120.70902,70.32868,24.76477,0.18924,0
2026-01-13T03:23:00+08:00,47.2631,55.25008,121.69042,74.348,23.88509,0.16668,0
2026-01-13T03:24:00+08:00,41.83957,57.86645,108.26166,78.36043,23.72241,0.16708,0
2026-01-13T03:25:00+08:00,42.93432,57.81674,112.63466,76.36602,24.98034,0.19723,0
2026-01-13T03:26:00+08:00,43.41604,56.06003,114.60724,77.80368,23.07503,0.1719,0
2026-01-13T03:27:00+08:00,42.76833,57.18534,110.62423,78.6395,22.98053,0.16326,0
2026-01-13T03:28:00+08:00,43.54498,57.26278,107.34615,74.81686,24.09745,0.17898,0
2026-01-13T03:29:00+08:00,44.49265,56.66249,122.17606,78.20642,23.7613,0.18558,0
2026-01-13T03:30:00+08:00,44.50179,59.12709,111.92051,79.12853,24.54909,0.20396,0
2026-01-13T03:31:00+08:00,46.64352,57.82175,113.70553,78.40541,24.36556,0.20656,0
2026-01-13T03:32:00+08:00,44.48085,57.04678,112.76388,73.27462,25.03675,0.17412,0
2026-01-13T03:33:00+08:00,46.3109,55.891,115.68588,80.35672,22.59667,0.211,0
2026-01-13T03:34:00+08:00,43.53524,57.74089,117.83039,79.0366,24.7668,0.19761,0
2026-01-13T03:35:00+08:00,45.17085,59.81908,117.43797,82.66036,25.30558,0.16094,0
2026-01-13T03:36:00+08:00,48.83933,56.74165,122.08195,76.70802,25.41072,0.17512,0
2026-01-13T03:37:00+08:00,45.13387,57.10265,122.19793,77.75533,25.24536,0.15547,0
2026-01-13T03:38:00+08:00,43.68582,57.89365,115.03773,79.08326,24.00663,0.18363,0
2026-01-13T03:39:00+08:00,45.76186,54.31013,116.39967,74.90642,23.43317,0.18665,0
2026-01-13T03:40:00+08:00,45.60421,58.52009,112.22683,78.19122,24.93918,0.18027,0
2026-01-13T03:41:00+08:00,41.87017,56.22464,116.45832,75.04172,23.10552,0.15852,0
2026-01-13T03:42:00+08:00,44.30265,56.20577,113.20704,78.44106,22.74411,0.17872,0
2026-01-13T03:43:00+08:00,42.15199,57.26191,116.95977,70.23912,24.29651,0.19148,0
2026-01-13T03:44:00+08:00,41.74589,56.42762,111.99252,74.72212,24.15666,0.18402,0
2026-01-13T03:45:00+08:00,39.90672,57.71918,114.80367,73.66434,22.12497,0.17377,0
2026-01-13T03:46:00+08:00,41.59084,54.75812,106.17853,68.2589,23.84293,0.17587,0
2026-01-13T03:47:00+08:00,37.82228,56.50749,106.65389,73.38451,22.7615,0.16167,0
2026-01-13T03:48:00+08:00,38.92187,55.14726,105.94416,71.60015,22.75211,0.16489,0
2026-01-13T03:49:00+08:00,39.18659,58.89681,100.87578,68.78196,25.69211,0.17411,0
2026-01-13T03:50:00+08:00,36.83428,56.5176,99.03437,72.46754,22.33743,0.16113,0
2026-01-13T03:51:00+08:00,41.70788,55.9412,107.29096,70.32101,21.92455,0.17299,0
2026-01-13T03:52:00+08:00,40.47985,55.16227,110.27282,70.84184,22.31209,0.1665,0
2026-01-13T03:53:00+08:00,38.04577,53.14428,99.66106,68.2332,21.54502,0.16581,0
2026-01-13T03:54:00+08:00,37.34105,55.5641,102.29315,67.36245,20.49059,0.18293,0
2026-01-13T03:55:00+08:00,36.56453,54.24625,96.16152,64.70609,22.91762,0.17595,0
2026-01-13T03:56:00+08:00,37.15509,54.01247,99.90743,65.72879,21.17087,0.16066,0
2026-01-13T03:57:00+08:00,35.11891,54.29066,96.82223,66.68451,20.60797,0.16392,0
2026-01-13T03:58:00+08:00,33.86634,53.04039,92.20725,61.06627,21.91317,0.14061,0
2026-01-13T03:59:00+08:00,33.85527,55.25202,91.12039,63.16889,19.9345,0.16266,0
2026-01-13T04:00:00+08:00,36.28768,54.43072,95.86149,63.45442,20.23348,0.13999,0
2026-01-13T04:01:00+08:00,36.77353,54.33069,88.9945,62.90764,20.31058,0.1348,0
2026-01-13T04:02:00+08:00,34.50038,52.68012,87.07871,57.96347,19.06482,0.14367,0
2026-01-13T04:03:00+08:00,33.7995,51.98468,94.57408,61.8786,20.90026,0.14531,0
2026-01-13T04:04:00+08:00,32.35294,53.19253,84.58892,63.43225,19.46447,0.15897,0
2026-01-13T04:05:00+08:00,33.02399,54.36696,84.97708,59.58557,20.59613,0.16176,0
2026-01-13T04:06:00+08:00,36.54373,53.00113,99.57463,60.6222,21.20642,0.13398,0
2026-01-13T04:07:00+08:00,34.25822,49.88517,84.682,62.83125,19.01955,0.15163,0
2026-01-13T04:08:00+08:00,35.13857,52.27983,85.45684,60.01594,19.33355,0.14478,0
2026-01-13T04:09:00+08:00,33.742,52.55572,98.79062,59.35355,21.47558,0.13274,0
2026-01-13T04:10:00+08:00,33.78529,54.53273,96.29516,60.38821,20.76128,0.1521,0
2026-01-13T04:11:00+08:00,32.82127,53.85495,100.26826,63.26247,20.82698,0.15586,0
2026-01-13T04:12:00+08:00,31.34266,53.72933,86.28172,60.33379,22.33471,0.14447,0
2026-01-13T04:13:00+08:00,32.85684,54.72228,87.12253,61.07081,21.59981,0.14909,0
2026-01-13T04:14:00+08:00,31.62918,54.03864,90.45208,67.39106,20.03045,0.16309,0
2026-01-13T04:15:00+08:00,37.91769,52.34582,92.11151,64.33936,19.91696,0.15395,0
2026-01-13T04:16:00+08:00,34.62444,53.2654,94.02595,63.82708,20.95921,0.14375,0
2026-01-13T04:17:00+08:00,34.36006,53.57128,94.31192,62.76827,21.23529,0.12912,0
2026-01-13T04:18:00+08:00,34.39234,53.5106,91.05013,69.46928,21.09985,0.15625,0
2026-01-13T04:19:00+08:00,35.19831,54.00868,90.07944,64.58787,20.38394,0.15164,0
2026-01-13T04:20:00+08:00,31.82966,52.7211,104.31966,68.11621,22.56214,0.1746,0
2026-01-13T04:21:00+08:00,38.02203,53.75869,92.66665,69.5983,21.58237,0.19032,0
2026-01-13T04:22:00+08:00,36.52572,57.07172,97.9198,70.698,23.20018,0.14593,0
2026-01-13T04:23:00+08:00,36.67673,53.3213,93.39252,69.2151,21.64293,0.16122,0
2026-01-13T04:24:00+08:00,38.90805,52.4026,106.79227,66.67674,22.44189,0.16988,0
2026-01-13T04:25:00+08:00,40.71749,54.82799,90.52479,68.38575,22.28066,0.14959,0
2026-01-13T04:26:00+08:00,38.84113,54.63452,95.17342,70.69395,21.72291,0.15892,0
2026-01-13T04:27:00+08:00,38.0475,56.84047,102.37861,69.35179,21.95549,0.1713,0
2026-01-13T04:28:00+08:00,41.58927,56.19672,106.65833,71.33369,21.22198,0.1549,0
2026-01-13T04:29:00+08:00,39.04512,54.51956,98.48097,64.26076,21.35376,0.16386,0
2026-01-13T04:30:00+08:00,39.51383,54.52852,104.71189,68.89679,23.63704,0.16589,0
2026-01-13T04:31:00+08:00,41.08637,55.90688,97.75073,70.20371,21.62113,0.16728,0
2026-01-13T04:32:00+08:00,38.65427,56.20891,98.42082,70.75197,23.31338,0.18107,0
2026-01-13T04:33:00+08:00,38.75032,55.79129,106.35118,75.53541,21.51713,0.15789,0
2026-01-13T04:34:00+08:00,45.27192,55.45521,96.19962,69.28647,20.39757,0.17322,0
2026-01-13T04:35:00+08:00,41.74782,54.6535,103.45256,73.89982,21.34089,0.15314,0
2026-01-13T04:36:00+08:00,39.91521,54.87589,104.41825,67.38849,23.12321,0.16851,0
2026-01-13T04:37:00+08:00,41.32083,56.11722,106.93583,66.85006,23.37625,0.16617,0
2026-01-13T04:38:00+08:00,40.01178,57.2106,102.25804,75.21306,24.22469,0.18018,0
2026-01-13T04:39:00+08:00,38.50131,52.98629,111.14601,71.42905,22.23589,0.18549,0
2026-01-13T04:40:00+08:00,38.64872,55.2484,108.22337,67.65852,22.78128,0.18416,0
2026-01-13T04:41:00+08:00,40.49426,57.38491,111.07203,70.90072,20.74264,0.15532,0
2026-01-13T04:42:00+08:00,41.38825,53.70507,103.54196,71.75008,24.12831,0.16186,0
2026-01-13T04:43:00+08:00,38.74513,55.60471,106.67664,70.11356,23.7057,0.15855,0
2026-01-13T04:44:00+08:00,40.00215,56.20129,102.65223,72.9275,22.84841,0.17878,0
2026-01-13T04:45:00+08:00,40.01526,56.06041,101.21718,68.34465,23.76831,0.17635,0
2026-01-13T04:46:00+08:00,37.70649,55.75562,92.24043,68.3465,23.48406,0.16604,0
2026-01-13T04:47:00+08:00,39.64835,51.55132,101.8927,70.92354,22.9932,0.17978,0
2026-01-13T04:48:00+08:00,38.95662,55.21397,96.96246,69.15084,21.39862,0.14289,0
2026-01-13T04:49:00+08:00,37.29569,57.35372,102.0735,70.30107,22.03746,0.14333,0
2026-01-13T04:50:00+08:00,40.86698,52.53984,100.49912,69.38183,22.68023,0.15692,0
2026-01-13T04:51:00+08:00,35.82951,54.30337,99.42842,67.16335,23.32819,0.15043,0
2026-01-13T04:52:00+08:00,39.66196,55.54301,107.93415,69.05803,23.1601,0.1639,0
2026-01-13T04:53:00+08:00,39.91419,53.38858,89.96811,70.60733,22.84098,0.17237,0
2026-01-13T04:54:00+08:00,38.23207,57.29819,100.96221,70.80114,23.00595,0.18869,0
2026-01-13T04:55:00+08:00,38.68598,54.54655,95.953,74.30943,22.88192,0.17252,0
2026-01-13T04:56:00+08:00,44.98334,55.86825,97.19873,69.23125,21.67201,0.1619,0
2026-01-13T04:57:00+08:00,38.80368,54.74902,97.09837,74.81799,22.8803,0.16467,0
2026-01-13T04:58:00+08:00,41.08651,56.20786,105.88763,72.37323,22.80965,0.17701,0
2026-01-13T04:59:00+08:00,41.31254,55.90736,103.94245,75.24396,22.35266,0.17422,0
2026-01-13T05:00:00+08:00,40.97572,55.02073,101.63103,69.98228,22.44928,0.15115,0
2026-01-13T05:01:00+08:00,39.37063,56.29323,112.71444,73.15363,20.67775,0.17956,0
2026-01-13T05:02:00+08:00,39.88889,56.68625,107.11461,71.41274,23.06541,0.17219,0
2026-01-13T05:03:00+08:00,43.69957,56.23715,113.49543,75.36206,23.9122,0.15063,0
2026-01-13T05:04:00+08:00,43.70919,55.84726,112.60549,70.22418,22.41313,0.20105,0
2026-01-13T05:05:00+08:00,40.42703,58.12548,110.64834,72.52479,23.6195,0.16005,0
2026-01-13T05:06:00+08:00,42.60272,55.43279,109.17131,77.24373,24.07976,0.1594,0
2026-01-13T05:07:00+08:00,44.66192,57.04616,109.58448,77.42466,23.90121,0.16531,0
2026-01-13T05:08:00+08:00,46.97696,57.25648,113.08084,74.71454,25.32233,0.1755,0
2026-01-13T05:09:00+08:00,41.40719,56.62693,121.34965,79.19376,24.24575,0.2021,0
2026-01-13T05:10:00+08:00,46.08276,57.39763,115.1395,78.46861,23.94589,0.18626,0
2026-01-13T05:11:00+08:00,45.84641,55.78884,116.29016,77.3638,25.84169,0.1642,0
2026-01-13T05:12:00+08:00,45.16045,57.59393,123.30814,78.93673,26.75535,0.19878,0
2026-01-13T05:13:00+08:00,45.66136,58.7686,118.00054,82.43499,24.16093,0.18143,0
2026-01-13T05:14:00+08:00,47.76422,60.28376,110.00497,84.75767,25.45147,0.1696,0
2026-01-13T05:15:00+08:00,42.07185,56.92964,122.12997,81.19511,26.35987,0.18884,0
2026-01-13T05:16:00+08:00,45.99352,58.6007,123.56919,82.81803,25.28495,0.20953,0
2026-01-13T05:17:00+08:00,47.36005,58.21732,121.81047,86.05104,26.07191,0.19054,0
2026-01-13T05:18:00+08:00,50.60939,62.33232,126.63104,87.19067,27.30943,0.19335,0
2026-01-13T05:19:00+08:00,49.42351,58.06508,125.54801,82.22938,26.18763,0.19302,0
2026-01-13T05:20:00+08:00,49.2577,60.59525,78.88706,47.0847,26.03828,0.18444,1
2026-01-13T05:21:00+08:00,50.57528,60.71259,81.59353,50.83203,27.07656,0.19937,1
2026-01-13T05:22:00+08:00,48.40853,61.16051,85.13549,56.50003,26.43542,0.22197,1
2026-01-13T05:23:00+08:00,49.84791,61.16513,79.12854,53.37999,24.91548,0.2037,1
2026-01-13T05:24:00+08:00,51.13529,59.88322,91.00111,50.90021,26.68131,0.19671,1
2026-01-13T05:25:00+08:00,50.14628,61.83844,90.04406,52.55631,26.61373,0.1941,1
2026-01-13T05:26:00+08:00,53.65633,62.0166,82.45298,50.67601,26.14601,0.21188,1
2026-01-13T05:27:00+08:00,52.39189,57.91533,81.60048,59.85928,27.16547,0.22938,1
2026-01-13T05:28:00+08:00,52.62406,59.21434,81.86413,54.6936,26.52505,0.19759,1
2026-01-13T05:29:00+08:00,54.17635,59.35693,88.73886,53.78222,27.36259,0.21753,1
2026-01-13T05:30:00+08:00,50.35244,61.35107,73.03607,56.36176,25.15026,0.20716,1
2026-01-13T05:31:00+08:00,52.89254,61.38966,76.60486,51.42658,26.72216,0.21226,1
2026-01-13T05:32:00+08:00,47.58442,60.51505,84.39578,53.92503,27.76955,0.21234,1
2026-01-13T05:33:00+08:00,50.11888,57.95175,83.16731,51.70343,26.71704,0.21514,1
2026-01-13T05:34:00+08:00,53.46537,60.34231,84.85987,49.97252,27.38664,0.20749,1
2026-01-13T05:35:00+08:00,52.9192,59.60023,80.40688,57.18586,26.99981,0.19311,1
2026-01-13T05:36:00+08:00,55.06809,58.80147,80.76257,54.71886,27.23092,0.20423,1
2026-01-13T05:37:00+08:00,49.89156,59.79064,74.93262,59.77084,26.69166,0.21356,1
2026-01-13T05:38:00+08:00,49.35557,59.52078,77.62665,48.29038,26.63862,0.19956,1
2026-01-13T05:39:00+08:00,51.7899,58.30764,76.38549,49.84919,27.97074,0.19256,1
2026-01-13T05:40:00+08:00,50.4105,61.00336,77.89421,48.01008,25.33161,0.21403,1
2026-01-13T05:41:00+08:00,46.84505,60.12997,78.54687,52.86585,26.87007,0.1897,1
2026-01-13T05:42:00+08:00,47.07696,60.42922,74.18564,43.08228,26.91704,0.18736,1
2026-01-13T05:43:00+08:00,49.39991,61.19312,76.79024,53.92881,26.36204,0.22049,1
2026-01-13T05:44:00+08:00,46.3849,59.25933,79.47254,49.99547,27.15568,0.1933,1
2026-01-13T05:45:00+08:00,51.77453,61.923,76.95243,51.8716,27.09237,0.1826,1
2026-01-13T05:46:00+08:00,45.45987,60.69969,76.39044,49.2083,25.9386,0.1662,1
2026-01-13T05:47:00+08:00,47.27227,57.99902,79.13957,52.57835,26.36512,0.20162,1
2026-01-13T05:48:00+08:00,44.7386,59.66804,77.28143,53.06961,27.67992,0.17383,1
2026-01-13T05:49:00+08:00,46.5801,57.86907,74.64394,49.15358,25.50107,0.20864,1
2026-01-13T05:50:00+08:00,45.17115,57.4267,68.37304,47.85287,24.55575,0.1942,1
2026-01-13T05:51:00+08:00,46.76021,57.71671,77.64447,48.61878,26.57962,0.19196,1
2026-01-13T05:52:00+08:00,46.94975,57.9798,73.09231,50.84141,25.22712,0.201,1
2026-01-13T05:53:00+08:00,45.49657,59.6837,70.1508,51.2115,25.63869,0.21391,1
2026-01-13T05:54:00+08:00,44.87909,56.77658,69.96215,44.49819,24.3381,0.20221,1
2026-01-13T05:55:00+08:00,46.9756,58.08347,71.16946,46.89845,27.07858,0.18466,1
2026-01-13T05:56:00+08:00,44.65839,59.76554,72.15146,54.88522,25.14171,0.20542,1
2026-01-13T05:57:00+08:00,49.06781,58.08792,69.70221,51.10961,26.16534,0.17638,1
2026-01-13T05:58:00+08:00,45.19444,55.51362,76.63551,48.25113,25.54431,0.1731,1
2026-01-13T05:59:00+08:00,45.37615,58.24411,70.58747,49.5717,26.26621,0.22505,1
2026-01-13T06:00:00+08:00,47.46194,60.37772,70.1312,44.40083,25.48212,0.17529,1
2026-01-13T06:01:00+08:00,47.68419,57.9816,64.87499,54.86204,25.3793,0.17535,1
2026-01-13T06:02:00+08:00,49.44501,58.12207,80.48694,47.69739,25.44451,0.20173,1
2026-01-13T06:03:00+08:00,49.07323,60.14422,74.9923,51.73648,26.67324,0.20048,1
2026-01-13T06:04:00+08:00,47.92813,57.34322,78.84709,50.53354,25.70171,0.21513,1
2026-01-13T06:05:00+08:00,45.79221,61.43538,76.14534,51.613,25.78938,0.17748,1
2026-01-13T06:06:00+08:00,48.28188,59.80653,80.02839,50.31044,24.23999,0.17972,1
2026-01-13T06:07:00+08:00,52.38669,58.01959,84.14795,48.33068,26.11301,0.20846,1
2026-01-13T06:08:00+08:00,47.36122,61.5717,125.72167,84.72194,26.09418,0.20941,0
2026-01-13T06:09:00+08:00,51.8043,59.38468,134.27708,81.68304,27.07268,0.20765,0
2026-01-13T06:10:00+08:00,47.14028,59.87669,125.89677,81.10289,26.74769,0.20356,0
2026-01-13T06:11:00+08:00,49.00688,59.54122,125.57859,82.6648,26.58086,0.19355,0
2026-01-13T06:12:00+08:00,53.96269,57.81662,123.20302,82.31196,28.30862,0.18491,0
2026-01-13T06:13:00+08:00,49.95597,59.97548,127.81501,87.55091,27.56997,0.19624,0
2026-01-13T06:14:00+08:00,49.51072,57.21731,126.57888,81.42016,26.29685,0.1801,0
2026-01-13T06:15:00+08:00,49.8235,57.40649,126.67224,80.02724,25.67322,0.21678,0
2026-01-13T06:16:00+08:00,50.04553,61.05994,133.48385,81.23474,27.74399,0.18233,0
2026-01-13T06:17:00+08:00,50.18089,58.86062,120.69229,85.18328,27.18562,0.21275,0
2026-01-13T06:18:00+08:00,49.03267,59.59123,127.53931,83.9769,26.74559,0.20282,0
2026-01-13T06:19:00+08:00,49.9282,57.20371,123.71206,78.57873,26.41351,0.22067,0
2026-01-13T06:20:00+08:00,47.28075,59.36576,127.51752,76.13126,25.58374,0.20307,0
2026-01-13T06:21:00+08:00,42.60104,57.79399,128.51145,84.88847,26.26314,0.20867,0
2026-01-13T06:22:00+08:00,47.84448,59.63228,120.60984,81.715,25.21378,0.21234,0
2026-01-13T06:23:00+08:00,49.79993,60.53437,119.24202,77.94028,26.77373,0.20157,0
2026-01-13T06:24:00+08:00,47.2211,57.73184,122.42466,76.92938,26.02252,0.21089,0
2026-01-13T06:25:00+08:00,49.10176,59.27789,112.32619,80.11468,27.19207,0.18001,0
2026-01-13T06:26:00+08:00,45.56673,59.98326,121.19596,86.2594,24.40972,0.17668,0
2026-01-13T06:27:00+08:00,47.35901,56.36918,115.94321,77.88247,25.79463,0.19568,0
2026-01-13T06:28:00+08:00,45.43976,57.16986,121.77111,89.38753,25.26897,0.18707,0
2026-01-13T06:29:00+08:00,41.7259,56.62644,113.359,74.91342,24.41035,0.20691,0
2026-01-13T06:30:00+08:00,45.74019,57.00579,107.0907,79.71966,24.15397,0.15932,0
2026-01-13T06:31:00+08:00,44.20395,58.29978,99.69121,72.4143,23.86922,0.18927,0
2026-01-13T06:32:00+08:00,41.41749,55.63786,114.1406,72.66051,24.22618,0.16321,0
2026-01-13T06:33:00+08:00,39.33881,57.456,110.45805,76.01452,23.02987,0.16528,0
2026-01-13T06:34:00+08:00,43.65732,54.25217,114.16137,76.40156,24.05729,0.16466,0
2026-01-13T06:35:00+08:00,39.18597,55.72223,100.16644,68.76594,23.64255,0.18007,0
2026-01-13T06:36:00+08:00,38.2315,56.64499,107.69033,75.41642,23.36052,0.18348,0
2026-01-13T06:37:00+08:00,40.46625,56.81998,97.81014,69.78835,22.60792,0.16472,0
2026-01-13T06:38:00+08:00,39.91919,56.16192,105.09316,68.92659,21.78592,0.18041,0
2026-01-13T06:39:00+08:00,39.29213,53.81692,101.11754,63.57384,22.29688,0.16193,0
2026-01-13T06:40:00+08:00,37.20415,57.0192,95.33509,70.31659,24.06331,0.177,0
2026-01-13T06:41:00+08:00,37.79315,53.31853,93.41808,66.40809,21.32167,0.15225,0
2026-01-13T06:42:00+08:00,36.91297,54.51008,101.85538,63.42994,21.18611,0.15828,0
2026-01-13T06:43:00+08:00,36.83957,56.89797,99.88453,61.86129,22.05294,0.16635,0
2026-01-13T06:44:00+08:00,36.69953,52.81891,106.90401,63.11143,22.1646,0.1609,0
2026-01-13T06:45:00+08:00,37.78269,56.51944,100.41101,64.32576,22.47588,0.1493,0
2026-01-13T06:46:00+08:00,36.81566,52.54239,92.02503,65.89881,21.73978,0.13473,0
2026-01-13T06:47:00+08:00,37.27979,53.0996,103.27769,64.49364,20.34261,0.15736,0
2026-01-13T06:48:00+08:00,34.64155,55.77425,96.66727,64.96036,21.84893,0.14297,0
2026-01-13T06:49:00+08:00,33.91784,54.63299,91.04636,62.04042,22.04841,0.16268,0
2026-01-13T06:50:00+08:00,33.96863,53.29178,91.99682,70.65113,22.10562,0.15033,0
2026-01-13T06:51:00+08:00,37.2873,52.34417,93.20855,65.67195,21.70707,0.15463,0
2026-01-13T06:52:00+08:00,36.75591,54.23448,95.88952,64.55369,20.94016,0.15912,0
2026-01-13T06:53:00+08:00,37.13988,54.42947,91.02224,62.57523,21.71916,0.17556,0
2026-01-13T06:54:00+08:00,36.79377,53.68744,98.30896,62.33157,22.58582,0.15928,0
2026-01-13T06:55:00+08:00,35.4577,54.06719,94.87962,69.88176,21.28307,0.15939,0
2026-01-13T06:56:00+08:00,37.85895,53.39111,98.8571,67.00365,20.13183,0.16124,0
2026-01-13T06:57:00+08:00,36.92334,54.59998,98.47693,67.21425,22.8059,0.14326,0
2026-01-13T06:58:00+08:00,36.58086,55.37949,101.14003,68.08784,24.15691,0.16726,0
2026-01-13T06:59:00+08:00,39.43052,54.19859,94.22362,66.04966,22.3987,0.16527,0
2026-01-13T07:00:00+08:00,38.32136,54.40514,97.77785,66.73972,22.49023,0.17163,0
2026-01-13T07:01:00+08:00,35.9831,55.76004,96.84772,68.9701,21.74496,0.18176,0
2026-01-13T07:02:00+08:00,37.23447,55.08377,103.57469,65.2167,21.92923,0.15863,0
2026-01-13T07:03:00+08:00,37.24453,54.3581,106.51868,66.30348,22.57752,0.16684,0
2026-01-13T07:04:00+08:00,35.82305,55.67676,94.27555,70.22373,21.67857,0.16346,0
2026-01-13T07:05:00+08:00,36.15838,55.22542,106.3218,66.13351,21.64878,0.1698,0
2026-01-13T07:06:00+08:00,39.48088,51.95738,112.06004,70.32504,22.87425,0.16248,0
2026-01-13T07:07:00+08:00,35.38359,56.04424,99.39858,70.52212,22.09237,0.16782,0
2026-01-13T07:08:00+08:00,37.40767,56.32485,96.46419,75.74051,24.33522,0.18623,0
2026-01-13T07:09:00+08:00,41.14981,55.11321,108.35604,68.78854,20.94341,0.18473,0
2026-01-13T07:10:00+08:00,40.90754,55.19168,96.44701,67.34948,20.71123,0.17756,0
2026-01-13T07:11:00+08:00,35.98094,55.60155,98.33443,64.81545,22.56128,0.1609,0
2026-01-13T07:12:00+08:00,40.33603,53.56381,98.6758,61.87605,20.365,0.18847,0
2026-01-13T07:13:00+08:00,42.50749,55.30212,98.18259,68.04324,23.08902,0.15816,0
2026-01-13T07:14:00+08:00,39.08452,55.12204,99.22857,67.21682,22.5267,0.15179,0
2026-01-13T07:15:00+08:00,39.34095,54.4703,102.41474,72.76308,22.05976,0.17599,0
2026-01-13T07:16:00+08:00,35.14627,54.40507,101.56,74.15847,20.38482,0.16222,0
2026-01-13T07:17:00+08:00,40.81336,53.91861,99.94453,69.12567,22.24259,0.18318,0
2026-01-13T07:18:00+08:00,38.79594,56.5784,98.74553,65.61941,21.79232,0.14703,0
2026-01-13T07:19:00+08:00,38.63748,54.25571,96.68029,69.0205,20.87752,0.17133,0
2026-01-13T07:20:00+08:00,36.66923,56.16264,97.53399,69.08178,21.9737,0.17014,0
2026-01-13T07:21:00+08:00,37.47962,52.38689,103.9736,66.56797,22.42325,0.16855,0
2026-01-13T07:22:00+08:00,35.63376,53.25035,101.62121,65.55552,22.45306,0.15635,0
2026-01-13T07:23:00+08:00,38.6086,54.87878,99.19179,64.97291,21.71577,0.17324,0
2026-01-13T07:24:00+08:00,36.41089,54.90845,97.39404,66.10021,22.95446,0.17244,0
2026-01-13T07:25:00+08:00,36.3992,54.38862,93.07643,64.8472,21.58097,0.16697,0
2026-01-13T07:26:00+08:00,37.36302,52.56414,100.91787,64.75428,20.31748,0.17242,0
2026-01-13T07:27:00+08:00,38.42133,54.25177,99.05808,66.99867,22.37116,0.16371,0
2026-01-13T07:28:00+08:00,33.18986,56.43262,100.36759,62.87099,20.10522,0.16006,0
2026-01-13T07:29:00+08:00,34.89461,54.16991,98.33527,62.43707,19.95369,0.15786,0
2026-01-13T07:30:00+08:00,34.27868,53.86369,87.54344,63.156,21.53897,0.16016,0
2026-01-13T07:31:00+08:00,33.69428,52.10125,94.05212,65.41641,21.20999,0.14518,0
2026-01-13T07:32:00+08:00,35.55855,55.53412,94.79137,58.70409,20.99187,0.17808,0
2026-01-13T07:33:00+08:00,32.65191,53.59688,92.51224,63.81509,20.96251,0.16614,0
2026-01-13T07:34:00+08:00,35.1087,55.21305,93.02564,62.45829,20.18017,0.12765,0
2026-01-13T07:35:00+08:00,35.48158,56.23528,95.97158,65.61049,20.42234,0.1482,0
2026-01-13T07:36:00+08:00,36.83038,56.2076,101.28666,66.07006,20.85485,0.15436,0
2026-01-13T07:37:00+08:00,33.81937,51.7641,88.48185,63.9718,20.60748,0.13295,0
2026-01-13T07:38:00+08:00,35.27144,53.30259,88.62403,62.94464,20.64659,0.14462,0
2026-01-13T07:39:00+08:00,37.21478,51.33199,85.03506,64.36239,21.10522,0.15864,0
2026-01-13T07:40:00+08:00,34.82935,52.72077,95.50515,63.38885,22.51577,0.15007,0
2026-01-13T07:41:00+08:00,35.99991,57.25903,95.2448,66.8051,21.81993,0.16485,0
2026-01-13T07:42:00+08:00,36.95452,54.43776,97.4924,63.89123,21.66635,0.18292,0
2026-01-13T07:43:00+08:00,38.98991,54.74253,102.13215,63.5506,21.28981,0.17022,0
2026-01-13T07:44:00+08:00,39.90153,53.52272,96.38122,73.2936,21.77649,0.18308,0
2026-01-13T07:45:00+08:00,38.04444,55.03665,98.29448,70.21638,23.09084,0.14752,0
2026-01-13T07:46:00+08:00,37.51508,56.11081,100.26537,66.59054,22.96838,0.17702,0
2026-01-13T07:47:00+08:00,37.84348,55.41301,96.02126,66.10333,22.37288,0.16488,0
2026-01-13T07:48:00+08:00,37.4375,54.43118,97.9385,70.90501,20.70028,0.1532,0
2026-01-13T07:49:00+08:00,36.36678,56.13904,95.48936,70.40958,24.1636,0.19004,0
2026-01-13T07:50:00+08:00,37.02406,56.21994,100.82587,67.5273,22.80775,0.18623,0
2026-01-13T07:51:00+08:00,41.91627,55.14327,110.5809,65.17871,22.4571,0.16156,0
2026-01-13T07:52:00+08:00,41.54268,56.05134,107.6394,72.19256,23.38085,0.18131,0
2026-01-13T07:53:00+08:00,42.23302,56.18644,111.64126,75.9987,23.08527,0.17553,0
2026-01-13T07:54:00+08:00,44.61101,55.36052,119.92541,70.29622,23.497,0.16593,0
2026-01-13T07:55:00+08:00,47.00129,56.37266,109.63985,73.97779,24.11125,0.17596,0
2026-01-13T07:56:00+08:00,43.3508,52.66488,113.63437,75.89628,25.17071,0.19912,0
2026-01-13T07:57:00+08:00,43.75833,58.5309,108.99776,78.86803,23.92325,0.16851,0
2026-01-13T07:58:00+08:00,44.24358,59.49674,116.51106,81.74323,23.9572,0.19926,0
2026-01-13T07:59:00+08:00,43.85678,58.16321,117.72494,79.88543,25.03793,0.17764,0
2026-01-13T08:00:00+08:00,47.03661,60.30204,114.68569,72.99724,25.43021,0.18445,0
2026-01-13T08:01:00+08:00,45.60304,58.93976,116.20724,78.2492,25.0455,0.20925,0
2026-01-13T08:02:00+08:00,46.2434,56.76046,113.31038,79.9738,24.25922,0.17108,0
2026-01-13T08:03:00+08:00,47.64498,59.39028,118.16163,80.88242,25.56971,0.20034,0
2026-01-13T08:04:00+08:00,47.86153,55.22947,119.42146,81.94369,25.13978,0.19395,0
2026-01-13T08:05:00+08:00,48.35574,58.82141,128.69269,84.10164,25.49508,0.19173,0
2026-01-13T08:06:00+08:00,42.06476,58.37355,114.823,81.65703,25.81572,0.20403,0
2026-01-13T08:07:00+08:00,49.85997,58.82841,133.33572,81.90588,24.55919,0.18821,0
2026-01-13T08:08:00+08:00,46.78635,59.68003,117.45185,80.47364,25.63798,0.19009,0
2026-01-13T08:09:00+08:00,48.99134,59.77548,128.18892,80.47948,26.89459,0.17845,0
2026-01-13T08:10:00+08:00,45.06932,57.37995,122.48813,85.13343,25.28544,0.19012,0
2026-01-13T08:11:00+08:00,47.18376,59.70436,120.06351,79.93202,24.61818,0.1889,0
2026-01-13T08:12:00+08:00,49.66563,59.06657,118.69203,85.203,25.29179,0.2147,0
2026-01-13T08:13:00+08:00,50.01898,58.99817,114.77579,88.28634,26.14554,0.19183,0
2026-01-13T08:14:00+08:00,49.13608,59.80516,128.64623,79.32017,26.05264,0.18035,0
2026-01-13T08:15:00+08:00,48.51716,58.82064,123.27421,80.72918,25.50121,0.18413,0
2026-01-13T08:16:00+08:00,48.6275,60.73864,118.82746,82.66738,26.07086,0.19512,0
2026-01-13T08:17:00+08:00,44.33235,57.05659,117.42132,74.41188,26.89932,0.19935,0
2026-01-13T08:18:00+08:00,46.89469,55.84496,111.90607,80.63387,27.35289,0.18502,0
2026-01-13T08:19:00+08:00,48.36917,58.01084,120.99468,84.09311,25.21438,0.18465,0
2026-01-13T08:20:00+08:00,49.23428,58.63712,125.87146,78.2039,26.73871,0.19671,0
2026-01-13T08:21:00+08:00,47.33779,58.69476,117.59872,80.07376,25.02374,0.20517,0
2026-01-13T08:22:00+08:00,46.07322,56.52828,111.46282,74.7323,25.93166,0.17731,0
2026-01-13T08:23:00+08:00,46.87649,58.60741,119.30237,81.08141,25.47701,0.15669,0
2026-01-13T08:24:00+08:00,45.66915,58.94621,127.6338,84.70462,24.07383,0.18707,0
2026-01-13T08:25:00+08:00,43.36904,60.34216,124.35124,80.60611,25.4247,0.20933,0
2026-01-13T08:26:00+08:00,48.32879,59.85478,121.47976,78.45004,25.94977,0.20185,0
2026-01-13T08:27:00+08:00,45.79214,57.88707,124.83293,84.47133,24.57966,0.18777,0
2026-01-13T08:28:00+08:00,46.78243,58.9829,116.58988,85.15163,25.64019,0.19816,0
2026-01-13T08:29:00+08:00,49.36237,57.7861,118.86385,75.80629,25.12344,0.17206,0
2026-01-13T08:30:00+08:00,47.61937,58.94881,118.09634,79.37478,25.99462,0.17692,0
2026-01-13T08:31:00+08:00,46.74936,59.35873,110.8186,81.88605,23.84609,0.19055,0
2026-01-13T08:32:00+08:00,44.42814,60.37015,114.26524,75.08121,25.52892,0.1872,0
2026-01-13T08:33:00+08:00,43.98555,59.26663,110.48556,77.16819,24.95984,0.20362,0
2026-01-13T08:34:00+08:00,49.2274,60.10314,120.13776,73.28316,25.90999,0.21303,0
2026-01-13T08:35:00+08:00,49.34661,59.37003,115.48286,79.31807,27.39075,0.17632,0
2026-01-13T08:36:00+08:00,45.31632,60.1035,119.86119,77.71535,27.12815,0.20165,0
2026-01-13T08:37:00+08:00,46.97566,57.50888,132.89509,81.58793,27.12275,0.20827,0
2026-01-13T08:38:00+08:00,47.02655,58.46068,130.57824,86.47922,24.29644,0.20488,0
2026-01-13T08:39:00+08:00,48.06464,57.92075,125.38375,78.4981,25.69332,0.18849,0
2026-01-13T08:40:00+08:00,47.71547,59.31355,119.75666,87.7411,26.68999,0.22338,0
2026-01-13T08:41:00+08:00,48.66877,58.83954,134.40788,81.77569,26.2223,0.21064,0
2026-01-13T08:42:00+08:00,47.07607,60.62639,129.32581,87.81365,27.32263,0.21941,0
2026-01-13T08:43:00+08:00,49.45302,58.72929,137.754,79.92246,25.37685,0.2111,0
2026-01-13T08:44:00+08:00,52.92071,60.24459,132.98677,79.0065,26.3487,0.18062,0
2026-01-13T08:45:00+08:00,51.7359,58.13053,122.36785,87.01517,27.88811,0.20412,0
2026-01-13T08:46:00+08:00,51.67973,60.97916,128.41639,82.64934,27.56977,0.2153,0
2026-01-13T08:47:00+08:00,52.56716,60.81622,124.34702,88.43947,27.18192,0.20215,0
2026-01-13T08:48:00+08:00,50.70987,59.63419,135.279,82.51739,26.40195,0.20516,0
2026-01-13T08:49:00+08:00,54.40084,62.01175,123.21542,91.19131,28.61291,0.19508,0
2026-01-13T08:50:00+08:00,47.18293,60.64392,137.54711,92.23315,26.70488,0.23392,0
2026-01-13T08:51:00+08:00,47.90269,60.34138,130.28644,91.18982,28.73366,0.22424,0
2026-01-13T08:52:00+08:00,49.63604,62.00728,135.26986,82.9392,25.7665,0.22588,0
2026-01-13T08:53:00+08:00,51.85671,59.26393,131.94403,89.20768,27.59779,0.19261,0
2026-01-13T08:54:00+08:00,55.64613,62.27068,131.47083,87.33204,28.02439,0.19836,0
2026-01-13T08:55:00+08:00,52.85965,59.24669,132.85608,84.74975,26.70526,0.23453,0
2026-01-13T08:56:00+08:00,52.36621,61.23803,123.1079,86.43699,28.11893,0.21559,0
2026-01-13T08:57:00+08:00,48.31633,61.20939,134.84671,91.98498,27.08773,0.18369,0
2026-01-13T08:58:00+08:00,50.28631,59.46546,136.43897,79.82193,27.22868,0.23097,0
2026-01-13T08:59:00+08:00,51.93357,61.98832,124.18093,82.93773,28.86175,0.21318,0
2026-01-13T09:00:00+08:00,51.90059,59.28127,132.4232,84.01175,28.55406,0.24659,0
2026-01-13T09:01:00+08:00,52.33526,59.80207,118.67838,82.03828,28.78504,0.19685,0
2026-01-13T09:02:00+08:00,50.50343,61.35375,138.08786,86.074,26.90417,0.21011,0
2026-01-13T09:03:00+08:00,49.70764,59.61291,131.97343,86.75214,29.0534,0.2137,0
2026-01-13T09:04:00+08:00,52.53848,58.80722,131.69189,83.49737,27.34248,0.21562,0
2026-01-13T09:05:00+08:00,50.15112,63.15582,135.28013,88.61938,27.5124,0.22814,0
2026-01-13T09:06:00+08:00,47.03936,61.62104,122.18869,82.77256,27.15561,0.2197,0
2026-01-13T09:07:00+08:00,47.08769,58.97546,126.57709,83.24679,27.23428,0.24668,0
2026-01-13T09:08:00+08:00,49.43514,58.47869,118.50116,82.13905,25.42592,0.20637,0
2026-01-13T09:09:00+08:00,48.99285,58.61754,133.76296,80.19253,25.96419,0.20681,0
2026-01-13T09:10:00+08:00,49.27109,60.6603,124.80622,84.81758,25.26756,0.2086,0
2026-01-13T09:11:00+08:00,48.77227,60.74265,113.12926,78.1981,26.39833,0.16033,0
2026-01-13T09:12:00+08:00,47.50482,59.92883,117.39059,78.87972,24.48096,0.18615,0
2026-01-13T09:13:00+08:00,45.20997,57.43942,115.38953,78.61069,24.98384,0.21542,0
2026-01-13T09:14:00+08:00,44.87116,58.5534,115.0143,76.91791,23.49834,0.16879,0
2026-01-13T09:15:00+08:00,42.90352,58.12857,122.12627,72.60588,24.33628,0.16965,0
2026-01-13T09:16:00+08:00,44.11156,59.07875,113.39361,77.12496,25.94461,0.19162,0
2026-01-13T09:17:00+08:00,42.75009,57.68584,110.41827,77.85895,24.91111,0.16622,0
2026-01-13T09:18:00+08:00,43.98816,57.13554,116.26142,78.45531,24.69886,0.17846,0
2026-01-13T09:19:00+08:00,44.93457,55.97412,105.97928,65.77782,24.0387,0.17023,0
2026-01-13T09:20:00+08:00,43.58227,54.38011,108.45852,76.21982,23.01967,0.18484,0
2026-01-13T09:21:00+08:00,41.50796,56.74761,113.85717,77.15926,23.88749,0.16767,0
2026-01-13T09:22:00+08:00,41.36503,57.48069,105.04117,73.30795,23.32851,0.17576,0
2026-01-13T09:23:00+08:00,40.08781,54.12298,112.09974,76.32741,21.94885,0.18088,0
2026-01-13T09:24:00+08:00,43.60634,57.19895,106.84605,70.25038,23.53552,0.17842,0
2026-01-13T09:25:00+08:00,41.61868,56.09992,103.03526,74.04839,23.80226,0.17706,0
2026-01-13T09:26:00+08:00,41.47302,58.44298,104.93121,76.37749,22.64867,0.18825,0
2026-01-13T09:27:00+08:00,43.35703,55.82059,116.04646,73.74563,22.46524,0.16848,0
2026-01-13T09:28:00+08:00,43.07521,57.35837,102.2212,71.77685,23.39767,0.16639,0
2026-01-13T09:29:00+08:00,45.21337,56.43348,107.04941,75.6716,22.85904,0.18584,0
2026-01-13T09:30:00+08:00,37.93215,55.52485,112.52322,76.75926,22.47766,0.16105,0
2026-01-13T09:31:00+08:00,41.94921,55.30197,105.92066,74.66893,22.68143,0.14705,0
2026-01-13T09:32:00+08:00,38.60554,56.1333,97.99144,71.17637,21.92611,0.19399,0
2026-01-13T09:33:00+08:00,44.887,54.7628,108.68891,69.24699,22.91751,0.19627,0
2026-01-13T09:34:00+08:00,40.21078,55.79279,102.83209,75.65403,20.28339,0.16728,0
2026-01-13T09:35:00+08:00,41.04419,55.33779,112.03609,75.93006,21.97988,0.20053,0
2026-01-13T09:36:00+08:00,38.65159,57.90956,108.6656,70.93669,22.91695,0.17318,0
2026-01-13T09:37:00+08:00,41.6817,55.07803,106.95955,70.26876,22.22907,0.16333,0
2026-01-13T09:38:00+08:00,39.33175,55.76881,110.50913,73.07885,25.13759,0.14556,0
2026-01-13T09:39:00+08:00,42.33938,56.36316,112.63735,74.99877,23.24933,0.17687,0
2026-01-13T09:40:00+08:00,40.2415,57.18957,99.36179,75.30308,23.41147,0.1686,0
2026-01-13T09:41:00+08:00,41.23776,56.21718,115.41524,82.78093,24.56041,0.16785,0
2026-01-13T09:42:00+08:00,42.85066,57.32549,104.44175,69.38482,23.42987,0.18592,0
2026-01-13T09:43:00+08:00,38.85805,55.53111,112.02738,73.35275,24.77837,0.15722,0
2026-01-13T09:44:00+08:00,46.01353,54.4776,99.06477,73.07988,22.49084,0.17514,0
2026-01-13T09:45:00+08:00,41.64225,56.22048,104.98786,74.54792,23.22438,0.18997,0
2026-01-13T09:46:00+08:00,41.41795,55.20708,100.68744,72.68742,22.35477,0.15796,0
2026-01-13T09:47:00+08:00,42.6298,54.12348,116.04469,73.59398,23.43269,0.16184,0
2026-01-13T09:48:00+08:00,42.96235,56.39043,105.33862,73.58016,21.92009,0.15369,0
2026-01-13T09:49:00+08:00,39.44335,56.79425,108.46298,75.94648,22.55588,0.18197,0
2026-01-13T09:50:00+08:00,41.09429,73.04515,110.03913,72.37233,33.7535,0.17447,1
2026-01-13T09:51:00+08:00,40.87187,73.98807,105.60566,68.37805,34.3093,0.1628,1
2026-01-13T09:52:00+08:00,39.04076,73.77738,110.81836,72.52448,33.67291,0.16499,1
2026-01-13T09:53:00+08:00,41.7616,70.86302,110.54028,65.97386,32.77299,0.1648,1
2026-01-13T09:54:00+08:00,44.23204,76.03457,109.42003,72.24937,32.25428,0.17249,1
2026-01-13T09:55:00+08:00,39.01676,72.65491,105.92912,69.30861,34.58451,0.14414,1
2026-01-13T09:56:00+08:00,39.79321,72.42497,102.3134,71.13987,32.6577,0.1702,1
2026-01-13T09:57:00+08:00,38.90502,72.55005,101.16079,69.23238,32.82384,0.16683,1
2026-01-13T09:58:00+08:00,38.39506,72.44638,110.56813,70.38254,33.01387,0.16724,1
2026-01-13T09:59:00+08:00,36.63927,72.49829,100.08544,64.81326,33.54364,0.15731,1
2026-01-13T10:00:00+08:00,37.42673,72.14634,115.51904,65.96439,31.16482,0.14158,1
2026-01-13T10:01:00+08:00,39.00387,74.43901,96.33302,71.1756,33.52228,0.15838,1
2026-01-13T10:02:00+08:00,36.73493,72.75102,103.13867,67.9115,32.07237,0.15703,1
2026-01-13T10:03:00+08:00,40.33733,72.65703,102.10904,67.72116,32.75444,0.15917,1
2026-01-13T10:04:00+08:00,37.95914,73.08159,98.10539,63.40991,32.68454,0.15536,1
2026-01-13T10:05:00+08:00,35.372,75.45106,88.13756,67.77105,31.39434,0.15644,1
2026-01-13T10:06:00+08:00,40.1483,70.54528,91.29457,64.26867,31.24744,0.1648,1
2026-01-13T10:07:00+08:00,34.18027,72.48268,87.39388,58.35439,31.65088,0.13155,1
2026-01-13T10:08:00+08:00,37.51693,69.49013,88.03224,64.50378,31.18589,0.13092,1
2026-01-13T10:09:00+08:00,38.12586,70.03527,91.48483,62.16375,32.22085,0.15549,1
2026-01-13T10:10:00+08:00,32.66776,70.78614,90.65054,64.6126,30.41091,0.17465,1
2026-01-13T10:11:00+08:00,32.52733,71.08599,85.38601,58.09675,30.57056,0.13486,1
2026-01-13T10:12:00+08:00,32.92502,69.72906,94.1536,59.32345,30.46384,0.14157,1
2026-01-13T10:13:00+08:00,35.27633,71.20329,89.76262,57.11403,30.16725,0.12941,1
2026-01-13T10:14:00+08:00,35.70408,71.55477,85.63876,59.52367,30.39794,0.13403,1
2026-01-13T10:15:00+08:00,34.08858,70.45194,100.14308,64.83685,32.28255,0.15394,1
2026-01-13T10:16:00+08:00,32.45454,71.5837,87.89086,65.91272,31.44998,0.14847,1
2026-01-13T10:17:00+08:00,33.44701,73.07018,82.47303,66.54098,30.91977,0.12679,1
2026-01-13T10:18:00+08:00,31.91506,68.68354,93.02608,57.98374,31.25941,0.15999,1
2026-01-13T10:19:00+08:00,32.15751,70.5231,83.46521,60.07371,33.46348,0.15571,1
2026-01-13T10:20:00+08:00,33.0351,70.13835,90.0991,61.83532,30.82748,0.153,1
2026-01-13T10:21:00+08:00,31.9847,69.76877,92.59591,58.20966,31.93648,0.1466,1
2026-01-13T10:22:00+08:00,30.64273,71.25648,82.84962,64.12718,31.14934,0.17168,1
2026-01-13T10:23:00+08:00,36.1336,69.85191,81.79398,60.17075,30.38296,0.17232,1
2026-01-13T10:24:00+08:00,34.49614,72.57689,91.17988,62.33914,31.57652,0.16408,1
2026-01-13T10:25:00+08:00,35.41887,70.13601,101.50215,62.49004,31.33321,0.11414,1
2026-01-13T10:26:00+08:00,36.37307,71.80181,94.74226,62.69317,31.37476,0.14745,1
2026-01-13T10:27:00+08:00,36.46391,72.67237,93.99962,67.31855,31.98101,0.14712,1
2026-01-13T10:28:00+08:00,36.40791,70.25455,97.27962,60.44597,31.29535,0.12894,1
2026-01-13T10:29:00+08:00,36.17299,74.30175,96.53051,67.62819,34.51236,0.162,1
2026-01-13T10:30:00+08:00,35.56044,71.58608,98.14688,64.44106,32.07285,0.17116,1
2026-01-13T10:31:00+08:00,39.24191,70.45682,95.09733,65.6006,33.29711,0.17484,1
2026-01-13T10:32:00+08:00,42.71796,72.18938,98.16003,69.41488,32.32777,0.15979,1
2026-01-13T10:33:00+08:00,37.56478,69.58264,101.90038,67.75555,34.26885,0.16333,1
2026-01-13T10:34:00+08:00,36.50394,72.84839,91.85884,65.31366,33.87695,0.16165,1
2026-01-13T10:35:00+08:00,40.86241,70.81528,102.10632,68.14761,34.34102,0.17518,1
2026-01-13T10:36:00+08:00,40.78194,75.55779,102.44731,74.18508,32.71057,0.1539,1
2026-01-13T10:37:00+08:00,41.3855,71.77122,108.07652,71.06187,34.77689,0.16862,1
2026-01-13T10:38:00+08:00,40.51324,74.55305,102.77213,69.18474,34.39193,0.17038,1
2026-01-13T10:39:00+08:00,40.03498,73.93587,114.87141,70.48258,33.68244,0.14983,1
2026-01-13T10:40:00+08:00,41.01898,75.03761,111.8272,72.60354,35.09834,0.1827,1
2026-01-13T10:41:00+08:00,43.39466,75.59017,116.17298,72.19285,33.16219,0.18288,1
2026-01-13T10:42:00+08:00,43.05981,76.46449,115.33174,78.91473,35.01979,0.17817,1
2026-01-13T10:43:00+08:00,39.39145,74.92242,106.68759,74.04084,34.60283,0.18215,1
2026-01-13T10:44:00+08:00,41.90431,75.82103,96.28024,74.25499,35.71404,0.20102,1
2026-01-13T10:45:00+08:00,43.55749,76.86462,111.10744,73.92281,35.17246,0.17724,1
2026-01-13T10:46:00+08:00,40.95797,74.05856,104.99058,75.67972,34.75674,0.17305,1
2026-01-13T10:47:00+08:00,41.43921,75.42482,114.66621,70.83594,33.62478,0.19048,1
2026-01-13T10:48:00+08:00,40.04527,75.50624,118.98857,79.17272,35.47229,0.1875,1
2026-01-13T10:49:00+08:00,46.60545,71.77329,108.65437,76.90551,34.51725,0.19452,1
2026-01-13T10:50:00+08:00,42.48536,56.98107,109.61223,72.79847,23.33008,0.18194,0
2026-01-13T10:51:00+08:00,41.1417,58.04028,114.20538,77.63528,22.79834,0.15625,0
2026-01-13T10:52:00+08:00,42.48689,60.55177,117.17545,72.61441,24.17983,0.18765,0
2026-01-13T10:53:00+08:00,39.97219,58.5385,109.87212,73.92123,23.79552,0.19286,0
2026-01-13T10:54:00+08:00,41.00305,54.50767,112.15735,67.95814,23.47396,0.19315,0
2026-01-13T10:55:00+08:00,43.32212,58.04639,113.45548,81.20208,23.18249,0.1826,0
2026-01-13T10:56:00+08:00,41.40305,57.89741,109.8445,79.00177,23.19893,0.19541,0
2026-01-13T10:57:00+08:00,43.17008,56.57313,112.66062,74.50155,23.96133,0.17411,0
2026-01-13T10:58:00+08:00,40.75355,56.14287,101.33607,76.12072,22.49492,0.17366,0
2026-01-13T10:59:00+08:00,43.10443,57.63605,100.69919,73.20723,23.98895,0.17688,0
2026-01-13T11:00:00+08:00,44.29059,55.4479,99.1748,75.81848,23.06512,0.15311,0
2026-01-13T11:01:00+08:00,41.53509,58.09419,102.98753,80.32286,22.77407,0.17692,0
2026-01-13T11:02:00+08:00,39.59482,56.5352,108.56384,68.80188,26.05895,0.16924,0
2026-01-13T11:03:00+08:00,40.89132,57.73747,118.2858,76.63839,22.43148,0.17843,0
2026-01-13T11:04:00+08:00,38.41347,57.65791,101.08108,70.87603,23.5171,0.1815,0
2026-01-13T11:05:00+08:00,41.37819,58.48104,112.98275,75.28827,22.43269,0.19798,0
2026-01-13T11:06:00+08:00,40.48203,58.79918,119.65966,75.0059,24.49983,0.13609,0
2026-01-13T11:07:00+08:00,41.68994,58.02179,114.43041,69.97074,23.35203,0.1436,0
2026-01-13T11:08:00+08:00,42.93289,54.20432,115.79983,77.39032,23.24887,0.18388,0
2026-01-13T11:09:00+08:00,41.9834,57.04627,104.83326,75.97345,22.27261,0.15398,0
2026-01-13T11:10:00+08:00,42.3759,56.55197,112.43664,72.47344,25.53527,0.18064,0
2026-01-13T11:11:00+08:00,43.27212,57.19338,116.6784,76.51796,24.33899,0.18904,0
2026-01-13T11:12:00+08:00,39.86187,54.73975,111.95382,74.6158,24.5803,0.18078,0
2026-01-13T11:13:00+08:00,44.52122,55.58381,113.0294,71.65378,24.53772,0.15727,0
2026-01-13T11:14:00+08:00,44.4612,55.44783,111.9892,78.87656,24.53834,0.16159,0
2026-01-13T11:15:00+08:00,43.01473,55.57322,106.32629,77.10304,24.99428,0.1901,0
2026-01-13T11:16:00+08:00,45.72823,57.68887,114.38962,74.12865,24.26133,0.16869,0
2026-01-13T11:17:00+08:00,43.56515,58.0098,116.17999,87.17482,23.62336,0.18583,0
2026-01-13T11:18:00+08:00,42.98757,57.58886,116.09376,81.17791,24.61541,0.18662,0
2026-01-13T11:19:00+08:00,45.2565,56.47766,115.66764,78.18429,25.27887,0.19809,0
2026-01-13T11:20:00+08:00,46.10227,58.18269,111.45205,81.65427,24.78351,0.2023,0
2026-01-13T11:21:00+08:00,49.39583,58.48124,116.08626,80.70167,25.92433,0.19028,0
2026-01-13T11:22:00+08:00,46.51617,59.67464,124.84548,80.43462,24.32392,0.20212,0
2026-01-13T11:23:00+08:00,46.65419,59.43666,124.26522,76.52656,26.08712,0.20467,0
2026-01-13T11:24:00+08:00,49.68005,59.52394,114.76134,86.73578,26.58319,0.18412,0
2026-01-13T11:25:00+08:00,47.60202,59.88059,129.1589,82.1361,27.15097,0.17819,0
2026-01-13T11:26:00+08:00,47.61461,57.0982,122.34964,88.79715,28.44844,0.20623,0
2026-01-13T11:27:00+08:00,48.79251,59.68687,130.2334,80.22774,26.26142,0.22345,0
2026-01-13T11:28:00+08:00,48.4852,59.18376,128.90591,86.37439,26.38449,0.20731,0
2026-01-13T11:29:00+08:00,51.85853,62.87742,129.11561,85.96788,28.4804,0.20059,0
2026-01-13T11:30:00+08:00,48.74428,60.8088,135.95941,87.69473,27.16393,0.1902,0
2026-01-13T11:31:00+08:00,51.35053,62.22693,125.15649,86.34518,27.0335,0.20113,0
2026-01-13T11:32:00+08:00,52.18988,61.32356,134.14954,84.56045,26.01606,0.21464,0
2026-01-13T11:33:00+08:00,51.07889,63.24247,141.97009,93.81428,26.74972,0.21951,0
2026-01-13T11:34:00+08:00,53.75898,61.92497,131.23662,91.96788,27.67693,0.21449,0
2026-01-13T11:35:00+08:00,49.57906,61.84412,132.06288,89.74742,27.95047,0.21573,0
2026-01-13T11:36:00+08:00,52.37388,62.07522,132.61963,84.14322,28.29453,0.20325,0
2026-01-13T11:37:00+08:00,50.1341,59.75013,135.17157,88.30726,25.88769,0.209,0
2026-01-13T11:38:00+08:00,54.63664,60.49847,132.96011,91.74616,28.52875,0.22733,0
2026-01-13T11:39:00+08:00,47.50895,63.32481,136.89525,95.95521,27.09573,0.191,0
2026-01-13T11:40:00+08:00,52.43448,60.6798,136.80315,91.68405,27.69003,0.21052,0
2026-01-13T11:41:00+08:00,53.24044,60.65229,131.55619,91.39647,28.85362,0.2273,0
2026-01-13T11:42:00+08:00,51.83311,58.13367,132.14107,85.77737,27.53762,0.2039,0
2026-01-13T11:43:00+08:00,51.89596,59.4775,126.01536,91.42992,26.70062,0.21191,0
2026-01-13T11:44:00+08:00,53.4129,61.91493,135.84802,88.32971,28.12951,0.2289,0
2026-01-13T11:45:00+08:00,52.18893,58.22187,128.61193,89.12323,26.80517,0.23115,0
2026-01-13T11:46:00+08:00,51.01076,60.59274,136.19396,86.05785,27.40844,0.2207,0
2026-01-13T11:47:00+08:00,48.15062,59.97227,133.97595,86.34067,28.44088,0.18737,0
2026-01-13T11:48:00+08:00,47.41494,61.19643,133.37348,85.07303,27.34313,0.21632,0
2026-01-13T11:49:00+08:00,48.6328,59.12299,129.17206,87.85191,25.78974,0.20278,0
2026-01-13T11:50:00+08:00,49.28815,60.42668,127.33429,82.97346,27.81482,0.19702,0
2026-01-13T11:51:00+08:00,48.82597,57.65323,122.95013,85.62214,26.82924,0.21048,0
2026-01-13T11:52:00+08:00,49.96608,62.27445,121.91627,78.67646,25.44423,0.19219,0
2026-01-13T11:53:00+08:00,46.8463,59.5218,131.06347,87.6191,26.69391,0.22784,0
2026-01-13T11:54:00+08:00,47.59204,57.12066,129.2282,76.96066,25.4139,0.20545,0
2026-01-13T11:55:00+08:00,47.69452,58.84268,117.24761,81.93732,26.85482,0.19768,0
2026-01-13T11:56:00+08:00,46.04554,57.32389,118.32904,82.66264,26.12522,0.18581,0
2026-01-13T11:57:00+08:00,43.24118,59.35482,117.15844,83.09655,25.00772,0.18223,0
2026-01-13T11:58:00+08:00,47.1996,61.74668,124.71404,81.01421,25.89252,0.17125,0
2026-01-13T11:59:00+08:00,44.63259,55.30128,128.99862,84.80044,25.81466,0.1948,0
2026-01-13T12:00:00+08:00,43.6168,58.17619,128.75548,80.2652,24.85568,0.16932,0
2026-01-13T12:01:00+08:00,48.68093,58.27877,110.52234,76.79346,24.12877,0.1897,0
2026-01-13T12:02:00+08:00,46.38753,57.63767,122.77512,79.54258,26.16181,0.18612,0
2026-01-13T12:03:00+08:00,51.34593,57.49374,114.03043,76.01302,24.95589,0.16788,0
2026-01-13T12:04:00+08:00,46.27698,55.70029,119.08667,74.87019,24.75554,0.19767,0
2026-01-13T12:05:00+08:00,49.8086,56.73917,117.33146,76.63063,24.28165,0.18021,0
2026-01-13T12:06:00+08:00,47.0906,57.48293,129.20607,79.97263,24.1339,0.18454,0
2026-01-13T12:07:00+08:00,44.14,59.14723,109.71083,74.6676,24.50094,0.1981,0
2026-01-13T12:08:00+08:00,47.80715,59.9037,120.56363,78.44797,25.75022,0.17436,0
2026-01-13T12:09:00+08:00,42.2976,58.68962,112.95556,78.54405,25.15486,0.19258,0
2026-01-13T12:10:00+08:00,47.35964,59.22667,119.08154,77.49054,25.16563,0.18179,0
2026-01-13T12:11:00+08:00,45.39185,61.58023,119.18619,80.27276,24.46324,0.20307,0
2026-01-13T12:12:00+08:00,47.20443,59.21296,119.55659,82.15391,26.27889,0.19381,0
2026-01-13T12:13:00+08:00,45.73308,59.42268,114.19797,77.04524,25.12778,0.16786,0
2026-01-13T12:14:00+08:00,47.54143,57.05611,116.61798,78.71981,25.25606,0.18643,0
2026-01-13T12:15:00+08:00,46.04757,58.28056,117.0079,77.20732,26.24086,0.16396,0
2026-01-13T12:16:00+08:00,45.91601,57.79885,121.6055,75.33184,24.86471,0.19041,0
2026-01-13T12:17:00+08:00,48.3259,58.88888,113.85345,78.39437,26.15735,0.17653,0
2026-01-13T12:18:00+08:00,46.36328,58.49022,118.08214,88.09417,25.03048,0.19836,0
2026-01-13T12:19:00+08:00,45.21787,59.22773,124.57613,78.37498,25.38965,0.18121,0
2026-01-13T12:20:00+08:00,44.61278,59.92185,117.62474,73.00588,27.0579,0.18269,0
2026-01-13T12:21:00+08:00,46.28386,60.73061,119.8109,79.83475,24.38558,0.17206,0
2026-01-13T12:22:00+08:00,46.45787,59.08195,122.11589,78.92388,25.52118,0.16954,0
2026-01-13T12:23:00+08:00,47.58769,58.82099,130.46119,80.39299,24.65535,0.19277,0
2026-01-13T12:24:00+08:00,46.14031,59.16384,120.66096,76.54922,24.01997,0.19674,0
2026-01-13T12:25:00+08:00,49.1572,58.67498,124.44956,83.27785,25.70715,0.18251,0
2026-01-13T12:26:00+08:00,46.9205,60.09874,122.80704,82.34323,25.01129,0.19012,0
2026-01-13T12:27:00+08:00,46.21897,58.40441,125.68591,72.86231,25.40056,0.19123,0
2026-01-13T12:28:00+08:00,43.78891,59.26942,115.82346,78.58263,26.96695,0.20476,0
2026-01-13T12:29:00+08:00,47.07714,58.79918,118.13218,85.34537,25.93918,0.18112,0
2026-01-13T12:30:00+08:00,43.26876,58.93215,118.09537,74.69738,25.5013,0.18646,0
2026-01-13T12:31:00+08:00,46.45086,58.64383,114.66305,80.46377,24.55015,0.18329,0
2026-01-13T12:32:00+08:00,44.20613,59.39779,115.54392,82.20907,26.47082,0.17813,0
2026-01-13T12:33:00+08:00,39.53834,59.12763,114.39559,74.96735,24.18861,0.18102,0
2026-01-13T12:34:00+08:00,46.7284,57.80508,121.60304,78.47331,24.27908,0.1799,0
2026-01-13T12:35:00+08:00,44.96963,58.47744,119.17535,75.585,24.54118,0.19102,0
2026-01-13T12:36:00+08:00,42.80382,55.7367,109.09998,74.98398,24.79397,0.19813,0
2026-01-13T12:37:00+08:00,40.5647,56.22585,110.22346,77.39213,23.52694,0.17443,0
2026-01-13T12:38:00+08:00,39.95284,57.41175,110.03741,72.31562,23.56421,0.19285,0
2026-01-13T12:39:00+08:00,40.15683,55.46254,115.89698,73.74965,24.18903,0.18153,0
2026-01-13T12:40:00+08:00,41.36002,55.87162,112.55463,76.23504,24.34522,0.15896,0
2026-01-13T12:41:00+08:00,43.22189,55.62313,103.36324,71.45351,23.89723,0.17943,0
2026-01-13T12:42:00+08:00,39.85902,56.93984,106.57066,69.45068,22.29026,0.17576,0
2026-01-13T12:43:00+08:00,39.617,53.82564,108.84273,68.9385,24.13912,0.15021,0
2026-01-13T12:44:00+08:00,38.89313,54.46935,98.47924,68.13735,24.08087,0.16836,0
2026-01-13T12:45:00+08:00,37.25717,52.77231,93.52402,67.22238,21.70258,0.16167,0
2026-01-13T12:46:00+08:00,34.07189,54.80731,106.07995,72.95684,20.35973,0.1523,0
2026-01-13T12:47:00+08:00,36.12414,54.90162,93.69945,72.42074,21.90388,0.15933,0
2026-01-13T12:48:00+08:00,40.05335,54.48762,100.71343,64.44255,20.44113,0.1513,0
2026-01-13T12:49:00+08:00,40.67658,55.14008,99.06416,63.12806,22.31614,0.13999,0
2026-01-13T12:50:00+08:00,33.50552,53.41326,106.5181,71.15971,20.92437,0.1474,0
2026-01-13T12:51:00+08:00,32.99577,54.07933,96.69216,67.29498,21.999,0.15225,0
2026-01-13T12:52:00+08:00,36.61041,52.92184,97.79277,62.92053,21.45734,0.15853,0
2026-01-13T12:53:00+08:00,35.43595,54.73809,86.57568,60.82255,20.68179,0.13378,0
2026-01-13T12:54:00+08:00,34.32567,53.10928,100.39534,64.08193,21.7497,0.15556,0
2026-01-13T12:55:00+08:00,33.88455,53.68044,97.0157,66.93556,20.62042,0.12947,0
2026-01-13T12:56:00+08:00,31.59311,53.01216,81.30513,68.50696,21.2113,0.14204,0
2026-01-13T12:57:00+08:00,32.5702,54.72266,87.15769,59.89899,19.93768,0.15137,0
2026-01-13T12:58:00+08:00,35.61319,54.9058,97.78659,62.8534,21.51677,0.1409,0
2026-01-13T12:59:00+08:00,31.19137,52.47136,88.46911,60.9168,19.72414,0.14354,0
2026-01-13T13:00:00+08:00,35.6018,55.58088,83.91216,58.9736,19.882,0.15955,0
2026-01-13T13:01:00+08:00,34.1755,52.43483,96.25659,65.78975,20.60088,0.13919,0
2026-01-13T13:02:00+08:00,35.12901,53.11497,91.6921,61.52353,21.48949,0.1534,0
2026-01-13T13:03:00+08:00,36.64154,55.2132,95.50011,61.73383,21.64721,0.15669,0
2026-01-13T13:04:00+08:00,39.63156,53.95121,97.07816,64.36485,20.68901,0.14787,0
2026-01-13T13:05:00+08:00,35.67323,54.3105,99.81443,64.70311,20.44084,0.14769,0
2026-01-13T13:06:00+08:00,32.98635,55.88857,91.84874,66.99895,21.19595,0.15669,0
2026-01-13T13:07:00+08:00,35.40208,52.81021,90.27387,69.63324,21.14796,0.16825,0
2026-01-13T13:08:00+08:00,38.3696,53.41308,97.83585,64.95898,20.10921,0.15215,0
2026-01-13T13:09:00+08:00,37.21048,53.41682,94.72542,64.69842,23.16156,0.1317,0
2026-01-13T13:10:00+08:00,37.34047,53.85816,93.79675,64.79139,21.97564,0.16598,0
2026-01-13T13:11:00+08:00,37.06064,55.73162,104.00315,68.48599,20.99875,0.16402,0
2026-01-13T13:12:00+08:00,37.91187,53.37396,90.46895,60.37926,21.66819,0.16249,0
2026-01-13T13:13:00+08:00,35.16841,55.9151,99.72249,70.89923,22.05173,0.14576,0
2026-01-13T13:14:00+08:00,38.39338,55.54335,96.84697,62.9144,21.91766,0.14759,0
2026-01-13T13:15:00+08:00,39.8455,54.25406,108.80107,61.23881,22.05248,0.18011,0
2026-01-13T13:16:00+08:00,36.46765,54.68027,98.7167,65.90612,22.24824,0.14555,0
2026-01-13T13:17:00+08:00,38.09227,55.65308,100.16342,65.27369,23.04397,0.17268,0
2026-01-13T13:18:00+08:00,36.61627,53.38498,96.93273,70.19354,22.44418,0.17417,0
2026-01-13T13:19:00+08:00,38.07578,53.93907,106.68076,67.14373,22.43304,0.14436,0
2026-01-13T13:20:00+08:00,37.78167,56.51535,98.83537,71.45398,20.22501,0.15775,0
2026-01-13T13:21:00+08:00,38.61384,57.51771,96.83418,71.18766,23.32015,0.15606,0
2026-01-13T13:22:00+08:00,38.33436,55.4727,95.46503,67.92998,23.55118,0.17253,0
2026-01-13T13:23:00+08:00,38.77796,55.45847,105.89906,71.68881,21.92327,0.18588,0
2026-01-13T13:24:00+08:00,41.45199,56.20153,98.83106,66.34299,22.13908,0.1668,0
2026-01-13T13:25:00+08:00,35.89138,55.96081,109.46512,71.1218,21.82142,0.15565,0
2026-01-13T13:26:00+08:00,39.57728,55.10251,105.15817,71.14452,23.39772,0.15113,0
2026-01-13T13:27:00+08:00,39.37176,54.80156,102.30191,71.84016,23.26495,0.1838,0
2026-01-13T13:28:00+08:00,39.64877,55.09242,101.32466,63.91389,23.55884,0.16111,0
2026-01-13T13:29:00+08:00,39.68032,56.06971,96.10419,66.18669,23.7002,0.16867,0
2026-01-13T13:30:00+08:00,37.59181,54.96583,107.4583,71.56989,20.93527,0.18566,0
2026-01-13T13:31:00+08:00,40.22662,54.86788,95.72722,71.71567,22.6238,0.14493,0
2026-01-13T13:32:00+08:00,37.90774,59.06066,101.3979,66.09621,21.22255,0.18634,0
2026-01-13T13:33:00+08:00,39.68061,56.75309,102.16582,71.84011,21.29837,0.16481,0
2026-01-13T13:34:00+08:00,38.49591,56.64542,102.11814,65.95092,22.04935,0.14028,0
2026-01-13T13:35:00+08:00,33.62582,55.8537,98.24871,66.79227,22.66928,0.1796,0
2026-01-13T13:36:00+08:00,38.59419,57.20597,102.24399,68.23823,22.06919,0.14412,0
2026-01-13T13:37:00+08:00,39.19013,51.45061,96.4272,67.16783,21.07695,0.15437,0
2026-01-13T13:38:00+08:00,40.63051,56.00079,95.58716,65.47649,20.57855,0.16888,0
2026-01-13T13:39:00+08:00,36.7378,51.95245,99.21784,68.01314,22.54176,0.15829,0
2026-01-13T13:40:00+08:00,36.40579,57.04354,98.49373,68.69668,21.14505,0.16781,0
2026-01-13T13:41:00+08:00,34.3712,53.82417,92.22452,64.60126,22.72195,0.15058,0
2026-01-13T13:42:00+08:00,38.22802,56.37323,97.99962,69.31724,22.05204,0.15985,0
2026-01-13T13:43:00+08:00,38.26195,56.78251,94.89682,63.42437,20.64843,0.17118,0
2026-01-13T13:44:00+08:00,38.95576,53.69738,87.42941,64.29415,22.06223,0.15743,0
2026-01-13T13:45:00+08:00,37.29679,53.73629,103.29254,67.41838,22.11668,0.16054,0
2026-01-13T13:46:00+08:00,38.00505,55.05094,93.78519,67.63517,22.33683,0.17381,0
2026-01-13T13:47:00+08:00,37.94044,53.25579,94.66671,65.39662,21.8471,0.15767,0
2026-01-13T13:48:00+08:00,35.34119,53.11589,88.62489,57.59001,21.62696,0.19003,0
2026-01-13T13:49:00+08:00,40.81319,53.40501,100.35862,62.86195,20.65069,0.14507,0
2026-01-13T13:50:00+08:00,37.43065,54.54989,101.46133,69.61329,21.63143,0.16203,0
2026-01-13T13:51:00+08:00,36.16704,53.16754,93.3872,69.99903,21.75024,0.1383,0
2026-01-13T13:52:00+08:00,38.36225,53.43759,109.96088,66.8004,22.80368,0.178,0
2026-01-13T13:53:00+08:00,37.13562,55.32221,105.29189,69.42448,22.66679,0.14791,0
2026-01-13T13:54:00+08:00,40.26692,54.76927,105.22075,72.4309,23.10979,0.17121,0
2026-01-13T13:55:00+08:00,40.87436,56.48859,111.977,70.21003,22.83497,0.1804,0
2026-01-13T13:56:00+08:00,39.31519,54.06325,108.06132,70.37891,21.79238,0.1765,0
2026-01-13T13:57:00+08:00,43.28013,53.89737,111.86383,64.10893,22.72138,0.19573,0
2026-01-13T13:58:00+08:00,40.64216,56.3597,111.7758,67.3265,23.35814,0.17452,0
2026-01-13T13:59:00+08:00,45.13292,54.871,107.30542,70.47313,22.58132,0.1903,0
2026-01-13T14:00:00+08:00,42.39029,55.9959,107.9075,72.37077,23.3105,0.16121,0
2026-01-13T14:01:00+08:00,42.44742,56.4958,108.01246,75.34104,24.18115,0.17245,0
2026-01-13T14:02:00+08:00,43.22885,60.01548,123.71827,72.53529,23.37232,0.16797,0
2026-01-13T14:03:00+08:00,45.96556,56.93743,115.62777,82.50928,24.41573,0.19298,0
2026-01-13T14:04:00+08:00,45.56865,56.9347,121.02585,74.78217,25.85865,0.17819,0
2026-01-13T14:05:00+08:00,44.33016,56.52375,112.38556,76.849,22.68799,0.18479,0
2026-01-13T14:06:00+08:00,44.81959,59.1987,120.36392,76.78272,24.68088,0.18671,0
2026-01-13T14:07:00+08:00,48.93239,57.32715,115.84729,76.26805,23.96923,0.19563,0
2026-01-13T14:08:00+08:00,47.12259,60.27789,125.7953,87.55901,25.43646,0.19003,0
2026-01-13T14:09:00+08:00,44.88864,59.718,122.25908,82.9953,24.66641,0.19967,0
2026-01-13T14:10:00+08:00,48.03846,59.18179,119.25591,85.23812,27.71292,0.18224,0
2026-01-13T14:11:00+08:00,49.3711,55.4335,126.94146,76.63854,25.55725,0.18105,0
2026-01-13T14:12:00+08:00,48.05379,60.42267,115.15203,81.69569,25.71472,0.21999,0
2026-01-13T14:13:00+08:00,49.54675,57.94229,122.83113,87.91057,26.95076,0.18867,0
2026-01-13T14:14:00+08:00,48.57489,59.28962,123.15149,78.52024,25.81239,0.21969,0
2026-01-13T14:15:00+08:00,48.61271,59.56524,127.09982,90.65267,26.5275,0.21672,0
2026-01-13T14:16:00+08:00,48.42165,59.4478,126.91619,81.96099,26.416,0.21475,0
2026-01-13T14:17:00+08:00,48.21365,59.85196,130.75352,82.03276,27.6476,0.20471,0
2026-01-13T14:18:00+08:00,49.46979,57.28956,125.59939,85.78194,28.27761,0.21155,0
2026-01-13T14:19:00+08:00,51.86465,58.35851,126.99438,88.43005,25.93603,0.21697,0
2026-01-13T14:20:00+08:00,51.18715,60.30022,126.0529,81.85137,28.34471,0.21274,0
2026-01-13T14:21:00+08:00,50.47129,59.40252,127.8652,85.29155,27.10316,0.21404,0
2026-01-13T14:22:00+08:00,48.4045,58.01326,127.99386,79.49114,26.43389,0.19771,0
2026-01-13T14:23:00+08:00,50.61957,62.46356,117.67,91.44315,26.484,0.20857,0
2026-01-13T14:24:00+08:00,47.0792,61.1356,127.35228,84.28117,24.90671,0.20462,0
2026-01-13T14:25:00+08:00,51.01355,59.47472,132.7077,87.67162,26.01944,0.22392,0
2026-01-13T14:26:00+08:00,49.41537,59.77917,126.97224,84.25628,24.16641,0.20021,0
2026-01-13T14:27:00+08:00,46.70331,61.75356,134.00678,86.35355,26.24874,0.18889,0
2026-01-13T14:28:00+08:00,47.78549,62.08364,122.18275,76.46055,27.3148,0.22082,0
2026-01-13T14:29:00+08:00,51.75705,60.82291,131.19723,83.40232,24.43952,0.20097,0
2026-01-13T14:30:00+08:00,49.68572,59.20996,123.82013,80.06034,25.32519,0.22378,0
2026-01-13T14:31:00+08:00,51.7367,59.29493,125.66562,79.71867,26.72347,0.22203,0
2026-01-13T14:32:00+08:00,45.4102,59.81568,126.49583,83.95827,27.54366,0.22491,0
2026-01-13T14:33:00+08:00,47.55066,60.00552,123.7833,80.20498,26.23211,0.20648,0
2026-01-13T14:34:00+08:00,48.18172,57.90786,120.63362,80.47692,25.1583,0.20119,0
2026-01-13T14:35:00+08:00,48.38011,60.25659,118.28904,79.87829,27.25011,0.19439,0
2026-01-13T14:36:00+08:00,47.53736,58.69371,127.91231,84.9199,26.79514,0.19636,0
2026-01-13T14:37:00+08:00,45.79078,61.37185,126.24992,79.86026,27.0259,0.18861,0
2026-01-13T14:38:00+08:00,49.8035,60.7493,117.13941,82.83704,26.40967,0.22922,0
2026-01-13T14:39:00+08:00,45.85838,60.65996,121.6742,77.26808,25.56982,0.19501,0
2026-01-13T14:40:00+08:00,45.24769,59.18598,126.28321,81.64845,45.17382,0.4729,1
2026-01-13T14:41:00+08:00,47.13476,59.05806,127.01872,81.7343,44.39475,0.46749,1
2026-01-13T14:42:00+08:00,47.46172,60.24545,128.00439,86.27103,45.78271,0.48479,1
2026-01-13T14:43:00+08:00,44.59561,59.36469,116.25485,80.83186,48.41231,0.47899,1
2026-01-13T14:44:00+08:00,45.73989,59.37074,119.23121,78.25313,47.61073,0.48921,1
2026-01-13T14:45:00+08:00,48.02724,58.3786,120.51524,85.92069,46.03803,0.43566,1
2026-01-13T14:46:00+08:00,51.90137,59.18527,124.10239,84.75105,46.23633,0.48594,1
2026-01-13T14:47:00+08:00,46.94528,57.41897,124.16227,86.02054,45.30017,0.46735,1
2026-01-13T14:48:00+08:00,50.09355,58.50375,121.13742,80.87445,45.89981,0.45703,1
2026-01-13T14:49:00+08:00,47.13316,59.4869,124.78242,85.76537,47.69704,0.49789,1
2026-01-13T14:50:00+08:00,49.97582,59.09069,121.06624,82.66713,46.6588,0.48972,1
2026-01-13T14:51:00+08:00,49.69003,59.22896,128.66225,86.73758,47.01953,0.47947,1
2026-01-13T14:52:00+08:00,47.31618,58.37821,121.89015,84.08138,46.79467,0.46239,1
2026-01-13T14:53:00+08:00,48.16396,59.91819,121.37852,84.97479,46.15177,0.47228,1
2026-01-13T14:54:00+08:00,49.422,60.22121,122.21731,83.30964,46.9514,0.47269,1
2026-01-13T14:55:00+08:00,46.59389,57.82153,124.94483,80.44167,46.31819,0.50514,1
2026-01-13T14:56:00+08:00,47.33997,59.55609,138.25341,85.96932,46.39763,0.48232,1
2026-01-13T14:57:00+08:00,50.82535,62.227,125.46573,82.80217,45.58007,0.48653,1
2026-01-13T14:58:00+08:00,47.73629,59.51131,124.06578,88.60312,46.44905,0.49111,1
2026-01-13T14:59:00+08:00,47.57183,60.36776,123.03379,84.37905,48.97376,0.49876,1
2026-01-13T15:00:00+08:00,50.39525,64.42708,124.85587,89.39049,45.67115,0.48407,1
2026-01-13T15:01:00+08:00,48.33822,60.66199,130.02668,85.16878,48.08855,0.48036,1
2026-01-13T15:02:00+08:00,51.45753,61.43923,122.57063,83.99647,47.19615,0.4963,1
2026-01-13T15:03:00+08:00,53.49631,60.12139,128.56183,83.72233,47.47222,0.48449,1
2026-01-13T15:04:00+08:00,50.47488,60.29286,132.97102,84.69186,46.49231,0.49407,1
2026-01-13T15:05:00+08:00,45.51074,59.62538,124.43098,89.97698,46.78598,0.48113,1
2026-01-13T15:06:00+08:00,50.81547,59.61301,128.05074,86.58132,46.78136,0.48265,1
2026-01-13T15:07:00+08:00,48.98641,58.84495,130.14248,87.06936,45.83654,0.49775,1
2026-01-13T15:08:00+08:00,52.03666,61.55054,131.01117,87.85607,49.03107,0.48344,1
2026-01-13T15:09:00+08:00,48.59061,58.20837,137.85918,90.98187,46.157,0.47723,1
2026-01-13T15:10:00+08:00,49.65629,61.69416,122.11085,79.44224,48.84655,0.48992,1
2026-01-13T15:11:00+08:00,50.78009,59.71714,130.2424,80.4033,46.02803,0.48623,1
2026-01-13T15:12:00+08:00,45.55473,59.45344,125.36165,83.58097,26.16096,0.19078,0
2026-01-13T15:13:00+08:00,46.00236,59.88047,124.85828,79.84847,26.56909,0.1986,0
2026-01-13T15:14:00+08:00,48.05386,56.71762,128.8623,79.70613,26.41042,0.19051,0
2026-01-13T15:15:00+08:00,47.75064,60.83384,127.11602,86.17632,26.47748,0.20462,0
2026-01-13T15:16:00+08:00,44.77929,58.72379,122.27052,85.79291,25.53853,0.20125,0
2026-01-13T15:17:00+08:00,47.89885,60.43033,121.59982,83.9012,24.26262,0.17506,0
2026-01-13T15:18:00+08:00,42.86588,59.72574,124.45611,83.37034,24.98074,0.18687,0
2026-01-13T15:19:00+08:00,46.22212,60.3511,128.33201,82.29572,25.67392,0.20965,0
2026-01-13T15:20:00+08:00,45.42892,57.7301,117.95931,76.19162,24.99827,0.17579,0
2026-01-13T15:21:00+08:00,47.17401,58.70493,124.47122,73.43928,26.64312,0.16788,0
2026-01-13T15:22:00+08:00,42.60663,56.94876,122.56966,78.19613,24.48599,0.17599,0
2026-01-13T15:23:00+08:00,41.72148,58.98591,118.73185,80.76901,24.8364,0.14993,0
2026-01-13T15:24:00+08:00,41.39737,57.8776,111.60884,74.23436,23.26215,0.1946,0
2026-01-13T15:25:00+08:00,43.90794,57.68875,109.03037,75.65285,22.83073,0.17862,0
2026-01-13T15:26:00+08:00,38.00005,54.76873,109.36061,81.48296,22.19946,0.16223,0
2026-01-13T15:27:00+08:00,42.42285,58.88567,110.7998,75.72451,23.30922,0.16991,0
2026-01-13T15:28:00+08:00,41.68588,55.51763,112.27952,68.09254,24.21617,0.17529,0
2026-01-13T15:29:00+08:00,40.68353,54.03699,102.6897,75.83885,23.04027,0.17673,0
2026-01-13T15:30:00+08:00,39.04917,55.94751,99.72743,71.91726,23.38651,0.17571,0
2026-01-13T15:31:00+08:00,38.60142,55.36728,108.34967,70.4055,22.63257,0.19484,0
2026-01-13T15:32:00+08:00,38.14741,57.05848,99.0476,72.47747,23.38101,0.16215,0
2026-01-13T15:33:00+08:00,37.33688,52.95058,100.98922,71.61915,21.64147,0.16886,0
2026-01-13T15:34:00+08:00,36.57928,55.08317,97.66329,69.39013,22.04377,0.15109,0
2026-01-13T15:35:00+08:00,37.79972,54.06518,96.25482,72.51351,22.07012,0.13703,0
2026-01-13T15:36:00+08:00,37.6534,56.37854,98.53676,73.45795,21.53913,0.17146,0
2026-01-13T15:37:00+08:00,40.47152,55.70192,95.08311,65.89483,23.29529,0.15385,0
2026-01-13T15:38:00+08:00,40.23203,54.50169,102.36618,64.37855,21.64288,0.15246,0
2026-01-13T15:39:00+08:00,38.7909,55.14322,103.76427,66.93532,21.31672,0.16589,0
2026-01-13T15:40:00+08:00,36.47764,56.4009,100.75515,67.35145,22.54832,0.16233,0
2026-01-13T15:41:00+08:00,35.32733,53.61092,106.57271,68.55425,20.61132,0.16783,0
2026-01-13T15:42:00+08:00,37.31828,53.85955,95.58979,71.32113,20.36103,0.15242,0
2026-01-13T15:43:00+08:00,38.58342,57.06638,104.18001,65.84363,23.52329,0.14584,0
2026-01-13T15:44:00+08:00,38.91274,55.67775,97.16045,70.57155,21.71155,0.17273,0
2026-01-13T15:45:00+08:00,35.21376,55.51763,99.71098,72.0563,22.17043,0.18026,0
2026-01-13T15:46:00+08:00,39.54659,54.96262,105.95637,71.14344,22.67787,0.1346,0
2026-01-13T15:47:00+08:00,36.98588,56.97983,96.01624,71.58236,22.9376,0.1554,0
2026-01-13T15:48:00+08:00,35.29409,54.49706,112.98551,66.53232,21.63937,0.15234,0
2026-01-13T15:49:00+08:00,41.20815,54.97915,99.77683,73.5569,22.93016,0.15384,0
2026-01-13T15:50:00+08:00,36.95572,56.85912,103.30261,64.86448,20.85846,0.15177,0
2026-01-13T15:51:00+08:00,37.05998,52.75055,98.02487,66.94426,22.10001,0.18876,0
2026-01-13T15:52:00+08:00,38.93564,55.24613,106.35417,69.16798,22.92652,0.17085,0
2026-01-13T15:53:00+08:00,39.74949,59.10876,108.62153,66.79602,22.94473,0.15731,0
2026-01-13T15:54:00+08:00,40.42914,53.76621,98.74885,71.21156,23.54826,0.17448,0
2026-01-13T15:55:00+08:00,41.24103,56.07323,105.3279,68.77981,23.41315,0.18155,0
2026-01-13T15:56:00+08:00,39.64528,55.45895,112.54877,70.30857,22.77167,0.17472,0
2026-01-13T15:57:00+08:00,39.61289,54.55739,106.55026,70.2965,24.3736,0.17878,0
2026-01-13T15:58:00+08:00,38.7196,56.57269,106.20554,74.34466,22.24458,0.17099,0
2026-01-13T15:59:00+08:00,39.58627,55.68944,100.1789,72.1058,23.08203,0.18515,0
2026-01-13T16:00:00+08:00,39.68909,55.05338,108.41992,67.91329,23.65934,0.18232,0
2026-01-13T16:01:00+08:00,41.88124,56.04024,101.83755,70.49633,22.98932,0.16064,0
2026-01-13T16:02:00+08:00,41.89699,56.25299,99.5329,75.64488,22.6866,0.15327,0
2026-01-13T16:03:00+08:00,37.85068,57.36775,112.77096,72.80723,23.72543,0.18276,0
2026-01-13T16:04:00+08:00,40.16468,55.78299,105.92726,71.72551,21.79745,0.17581,0
2026-01-13T16:05:00+08:00,41.5755,54.996,101.17659,70.6439,21.7953,0.14842,0
2026-01-13T16:06:00+08:00,40.77617,54.57531,102.28715,67.04144,23.43319,0.17577,0
2026-01-13T16:07:00+08:00,38.0121,53.51418,99.85492,70.20394,22.34795,0.16515,0
2026-01-13T16:08:00+08:00,38.53933,55.91141,100.7239,69.43329,21.17508,0.19591,0
2026-01-13T16:09:00+08:00,37.34106,55.05839,103.06549,66.41335,21.94785,0.16156,0
2026-01-13T16:10:00+08:00,35.88496,55.22598,91.25157,72.44417,22.52577,0.16877,0
2026-01-13T16:11:00+08:00,34.07091,53.48266,105.68243,79.16354,22.75397,0.17275,0
2026-01-13T16:12:00+08:00,37.80106,53.26516,102.93268,62.91939,20.45292,0.1415,0
2026-01-13T16:13:00+08:00,38.26865,54.14494,97.67536,65.68571,20.39179,0.14811,0
2026-01-13T16:14:00+08:00,35.05337,52.24606,93.86784,61.99913,21.78796,0.1642,0
2026-01-13T16:15:00+08:00,33.50558,53.54329,104.90116,61.82075,21.51762,0.15578,0
2026-01-13T16:16:00+08:00,37.47617,54.17367,92.72117,64.49882,21.07682,0.15205,0
2026-01-13T16:17:00+08:00,32.82489,55.27285,99.50198,60.72357,20.60906,0.14921,0
2026-01-13T16:18:00+08:00,32.82787,51.10585,90.1547,62.37308,19.46673,0.15341,0
2026-01-13T16:19:00+08:00,36.73738,54.51371,92.26768,57.54196,21.30183,0.15206,0
2026-01-13T16:20:00+08:00,35.17114,55.83435,88.2355,54.10027,19.61481,0.15563,0
2026-01-13T16:21:00+08:00,34.25109,51.64937,84.79312,61.36849,19.35956,0.15535,0
2026-01-13T16:22:00+08:00,33.29309,52.34203,87.71413,62.98032,20.45181,0.1506,0
2026-01-13T16:23:00+08:00,34.22773,53.00765,86.04235,59.81386,20.00619,0.17436,0
2026-01-13T16:24:00+08:00,31.38687,52.5188,91.49652,60.96825,21.29248,0.14319,0
2026-01-13T16:25:00+08:00,33.34746,54.10315,99.95559,66.03626,20.18487,0.14639,0
2026-01-13T16:26:00+08:00,33.85385,53.23528,86.66556,64.62372,20.49385,0.14645,0
2026-01-13T16:27:00+08:00,31.52818,53.14508,81.54249,60.1354,19.81971,0.15093,0
2026-01-13T16:28:00+08:00,37.2934,53.84762,98.46412,63.94945,21.37642,0.17168,0
2026-01-13T16:29:00+08:00,32.73275,52.12807,94.88704,62.20333,20.61834,0.1448,0
2026-01-13T16:30:00+08:00,33.16358,55.35136,86.47062,64.54038,20.96654,0.12818,0
2026-01-13T16:31:00+08:00,32.97353,52.48233,95.32334,61.71166,20.51054,0.13058,0
2026-01-13T16:32:00+08:00,38.93132,53.55456,95.6257,61.58481,20.11051,0.17538,0
2026-01-13T16:33:00+08:00,31.61182,53.96021,87.79829,62.44488,20.25048,0.13883,0
2026-01-13T16:34:00+08:00,35.48179,50.41213,93.09225,63.89769,19.74385,0.17259,0
2026-01-13T16:35:00+08:00,34.73976,53.60975,92.60413,64.48357,22.30124,0.18647,0
2026-01-13T16:36:00+08:00,37.57593,55.51458,105.11648,66.08058,22.70674,0.16614,0
2026-01-13T16:37:00+08:00,36.94524,54.74947,88.46105,66.85644,20.08505,0.13632,0
2026-01-13T16:38:00+08:00,37.50961,53.04988,98.62141,67.07591,21.82972,0.1474,0
2026-01-13T16:39:00+08:00,39.27603,54.59474,101.99602,63.77983,21.70287,0.17519,0
2026-01-13T16:40:00+08:00,39.91564,53.89323,98.23066,65.13297,21.47696,0.14456,0
2026-01-13T16:41:00+08:00,38.44165,55.9761,98.22415,68.57157,22.0777,0.17833,0
2026-01-13T16:42:00+08:00,38.1158,54.63079,99.12228,66.18271,22.96293,0.16473,0
2026-01-13T16:43:00+08:00,39.84199,57.26132,111.21659,65.40891,23.28038,0.1713,0
2026-01-13T16:44:00+08:00,39.43467,56.25407,97.11787,75.48154,23.36966,0.15899,0
2026-01-13T16:45:00+08:00,39.72482,53.83386,105.35264,70.37832,21.91883,0.18216,0
2026-01-13T16:46:00+08:00,43.57614,56.22639,106.53556,73.84483,23.29349,0.15978,0
2026-01-13T16:47:00+08:00,40.58448,56.08291,110.40506,73.25559,23.69305,0.15575,0
2026-01-13T16:48:00+08:00,43.41617,56.66963,122.97789,72.72106,23.97862,0.21399,0
2026-01-13T16:49:00+08:00,43.00208,56.76324,106.2716,79.08868,22.8179,0.18431,0
2026-01-13T16:50:00+08:00,42.20552,56.77868,105.01272,79.11212,23.77315,0.16441,0
2026-01-13T16:51:00+08:00,45.68646,56.5296,114.65958,78.14084,24.59928,0.15299,0
2026-01-13T16:52:00+08:00,45.02316,57.19985,112.11833,75.77494,22.85958,0.18525,0
2026-01-13T16:53:00+08:00,41.61995,57.08949,115.24043,79.75905,23.69269,0.20271,0
2026-01-13T16:54:00+08:00,46.04772,57.01751,109.52686,72.58768,24.78193,0.17521,0
2026-01-13T16:55:00+08:00,46.73224,56.79093,111.09299,77.9486,24.01192,0.18573,0
2026-01-13T16:56:00+08:00,46.54053,57.90915,116.64081,78.13794,23.18251,0.1914,0
2026-01-13T16:57:00+08:00,45.20869,58.98397,119.41949,77.13817,25.69748,0.18306,0
2026-01-13T16:58:00+08:00,45.48442,57.46959,118.97059,76.78416,26.29861,0.21351,0
2026-01-13T16:59:00+08:00,46.69646,59.9137,109.15735,73.76926,24.55994,0.18812,0
2026-01-13T17:00:00+08:00,44.81749,55.79705,122.72771,84.56869,26.0226,0.20188,0
2026-01-13T17:01:00+08:00,45.60165,56.84466,117.37896,84.45196,24.56107,0.18192,0
2026-01-13T17:02:00+08:00,47.18048,59.46322,112.76012,77.34031,24.42322,0.18872,0
2026-01-13T17:03:00+08:00,47.14222,56.87859,122.37538,78.38436,26.95581,0.19184,0
2026-01-13T17:04:00+08:00,44.9285,58.6484,115.12103,72.61841,24.62471,0.18418,0
2026-01-13T17:05:00+08:00,42.16712,57.77647,106.31198,76.86165,25.03255,0.18852,0
2026-01-13T17:06:00+08:00,44.21075,57.72481,112.53836,77.81913,24.83255,0.17526,0
2026-01-13T17:07:00+08:00,45.34119,58.13674,115.41884,84.91932,24.6171,0.18301,0
2026-01-13T17:08:00+08:00,44.00328,56.4936,119.46054,75.46067,24.19428,0.1793,0
2026-01-13T17:09:00+08:00,42.89493,55.43837,113.49747,80.00261,24.84441,0.20624,0
2026-01-13T17:10:00+08:00,45.9281,58.35675,125.0164,76.96054,24.68732,0.18548,0
2026-01-13T17:11:00+08:00,47.27232,57.64334,112.17233,78.8966,23.86277,0.19227,0
2026-01-13T17:12:00+08:00,45.16818,57.36375,118.08224,72.56987,24.71597,0.17907,0
2026-01-13T17:13:00+08:00,49.52163,57.78953,112.14846,72.82161,25.72269,0.18034,0
2026-01-13T17:14:00+08:00,42.91152,58.00974,118.30221,78.81037,24.55216,0.18684,0
2026-01-13T17:15:00+08:00,44.7434,58.00549,117.15467,80.17726,24.58107,0.17412,0
2026-01-13T17:16:00+08:00,44.08204,58.55496,106.13425,71.57455,25.36315,0.20455,0
2026-01-13T17:17:00+08:00,42.10916,57.72482,113.17145,76.19825,24.82958,0.16814,0
2026-01-13T17:18:00+08:00,42.46899,57.23494,114.6148,73.71068,25.29548,0.17979,0
2026-01-13T17:19:00+08:00,43.8104,58.04017,114.94328,79.75482,23.78779,0.16744,0
2026-01-13T17:20:00+08:00,44.15296,57.81141,109.7061,73.28042,24.8483,0.17626,0
2026-01-13T17:21:00+08:00,42.27062,59.06286,113.14993,81.1425,24.77968,0.19056,0
2026-01-13T17:22:00+08:00,44.7126,54.44542,111.10074,77.61329,25.16557,0.16421,0
2026-01-13T17:23:00+08:00,45.23792,56.54151,118.50887,78.27665,25.60291,0.20221,0
2026-01-13T17:24:00+08:00,46.43346,59.23592,116.20779,87.19404,23.94598,0.18245,0
2026-01-13T17:25:00+08:00,47.5327,59.22579,121.08895,81.18346,23.2889,0.21105,0
2026-01-13T17:26:00+08:00,45.87411,60.00871,109.24062,80.39987,24.78929,0.19901,0
2026-01-13T17:27:00+08:00,47.16791,59.01751,114.92743,79.96793,25.27672,0.19929,0
2026-01-13T17:28:00+08:00,48.7561,58.89934,114.70568,81.00182,27.94011,0.2156,0
2026-01-13T17:29:00+08:00,42.01821,58.95611,126.65403,80.69891,25.33477,0.19214,0
2026-01-13T17:30:00+08:00,48.77756,57.55711,128.87742,81.66576,25.07192,0.2117,0
2026-01-13T17:31:00+08:00,45.42443,58.50923,121.0403,88.8685,25.46575,0.17058,0
2026-01-13T17:32:00+08:00,47.58661,60.00673,128.79786,89.87802,27.51976,0.20256,0
2026-01-13T17:33:00+08:00,47.45911,61.70994,124.01696,81.68789,26.05009,0.18538,0
2026-01-13T17:34:00+08:00,48.65325,59.47851,130.48822,83.10757,25.4554,0.18233,0
2026-01-13T17:35:00+08:00,50.28624,60.05542,125.02047,83.46765,27.11324,0.22275,0
2026-01-13T17:36:00+08:00,48.91082,60.25061,133.51153,83.12177,26.91196,0.20563,0
2026-01-13T17:37:00+08:00,48.34347,60.52068,129.7664,87.67068,26.01332,0.20764,0
2026-01-13T17:38:00+08:00,53.55775,63.15959,136.84781,82.99826,27.6342,0.20254,0
2026-01-13T17:39:00+08:00,51.92227,59.60094,122.65833,85.98251,28.01484,0.21378,0
2026-01-13T17:40:00+08:00,52.44686,61.01907,133.95762,89.0479,27.24141,0.21223,0
2026-01-13T17:41:00+08:00,55.13567,61.04084,132.77924,88.16267,27.40301,0.20648,0
2026-01-13T17:42:00+08:00,52.61224,60.30112,132.38469,85.82362,27.79186,0.22058,0
2026-01-13T17:43:00+08:00,52.05356,58.43268,136.51759,88.83913,26.88009,0.22375,0
2026-01-13T17:44:00+08:00,50.0733,62.46923,133.63423,81.89407,27.99668,0.20897,0
2026-01-13T17:45:00+08:00,51.69865,60.19852,133.53759,87.40298,26.20937,0.23118,0
2026-01-13T17:46:00+08:00,52.3252,60.23351,128.67799,91.26227,26.73743,0.21662,0
2026-01-13T17:47:00+08:00,51.73115,60.50912,128.84042,87.11293,27.92062,0.21799,0
2026-01-13T17:48:00+08:00,51.33653,61.06061,138.72934,83.94153,27.8946,0.20246,0
2026-01-13T17:49:00+08:00,50.777,61.48439,131.38079,85.1665,29.06059,0.2265,0
2026-01-13T17:50:00+08:00,49.06802,59.17446,136.7871,87.78276,29.16898,0.22211,0
2026-01-13T17:51:00+08:00,52.91391,59.68938,135.88547,84.56538,28.92467,0.21897,0
2026-01-13T17:52:00+08:00,50.67504,61.97168,144.14417,87.43249,28.15927,0.2071,0
2026-01-13T17:53:00+08:00,52.05673,58.85621,132.34729,87.84944,29.18034,0.18846,0
2026-01-13T17:54:00+08:00,51.10215,62.36358,130.46597,86.78274,26.69316,0.19862,0
2026-01-13T17:55:00+08:00,47.99035,59.72926,125.97183,87.17824,26.60185,0.20333,0
2026-01-13T17:56:00+08:00,50.1002,60.32917,127.44693,83.1206,27.24286,0.22214,0
2026-01-13T17:57:00+08:00,50.7548,59.43162,128.58099,79.59605,26.88396,0.20167,0
2026-01-13T17:58:00+08:00,48.42909,59.06912,126.1987,88.13354,27.82658,0.19332,0
2026-01-13T17:59:00+08:00,48.74339,59.22074,131.30699,84.97356,26.75388,0.21081,0
2026-01-13T18:00:00+08:00,48.15451,61.44222,126.22682,81.32948,26.28454,0.21826,0
2026-01-13T18:01:00+08:00,48.00521,60.70748,122.0629,80.94653,26.90182,0.18925,0
2026-01-13T18:02:00+08:00,49.78854,59.73196,119.76453,82.36849,25.62929,0.20349,0
2026-01-13T18:03:00+08:00,51.2434,58.59467,125.74399,81.99526,25.9598,0.19516,0
2026-01-13T18:04:00+08:00,45.84398,59.31597,120.58447,78.55321,26.66769,0.19696,0
2026-01-13T18:05:00+08:00,46.52785,60.42997,111.8217,84.44478,24.7832,0.19682,0
2026-01-13T18:06:00+08:00,45.44446,57.30137,126.57623,85.5729,25.20209,0.19687,0
2026-01-13T18:07:00+08:00,46.18762,60.57182,108.48576,80.53856,24.5796,0.16039,0
2026-01-13T18:08:00+08:00,45.03939,60.55461,114.86454,81.21278,26.15414,0.18944,0
2026-01-13T18:09:00+08:00,45.53307,55.76149,113.71346,81.02994,24.98111,0.19305,0
2026-01-13T18:10:00+08:00,45.21136,60.69461,114.3541,82.63291,24.90882,0.20907,0
2026-01-13T18:11:00+08:00,42.45216,57.95024,113.81926,77.78573,25.76299,0.19084,0
2026-01-13T18:12:00+08:00,46.57123,56.7178,111.02763,77.01194,24.51503,0.18249,0
2026-01-13T18:13:00+08:00,42.39987,59.04057,112.75818,80.88596,24.46163,0.19245,0
2026-01-13T18:14:00+08:00,44.91454,56.31873,115.91753,82.08595,24.59072,0.19497,0
2026-01-13T18:15:00+08:00,44.97858,57.71232,114.60254,77.68579,24.97923,0.16503,0
2026-01-13T18:16:00+08:00,44.03047,57.01155,111.38024,79.72407,23.5743,0.16396,0
2026-01-13T18:17:00+08:00,44.90616,55.35657,103.44341,78.40176,24.3324,0.18784,0
2026-01-13T18:18:00+08:00,42.59873,55.3696,106.97415,74.74786,23.01288,0.1854,0
2026-01-13T18:19:00+08:00,42.51486,57.38938,113.56953,76.65652,24.58845,0.17677,0
2026-01-13T18:20:00+08:00,43.65935,57.44747,100.60574,77.40845,24.26623,0.1885,0
2026-01-13T18:21:00+08:00,41.0189,56.73316,107.30856,77.71269,22.86948,0.16912,0
2026-01-13T18:22:00+08:00,44.32702,56.33835,108.19291,78.24194,24.99904,0.19069,0
2026-01-13T18:23:00+08:00,44.94257,56.87676,111.92536,73.64846,24.31691,0.17462,0
2026-01-13T18:24:00+08:00,42.7009,57.98576,119.02079,76.88109,25.80705,0.17254,0
2026-01-13T18:25:00+08:00,40.2495,58.1681,109.41593,74.97586,22.63033,0.1703,0
2026-01-13T18:26:00+08:00,40.93904,56.711,111.49706,76.18852,25.37297,0.1911,0
2026-01-13T18:27:00+08:00,40.81179,58.10401,114.23123,75.75181,24.27225,0.18527,0
2026-01-13T18:28:00+08:00,42.57406,57.11414,119.79275,74.05894,23.40088,0.18212,0
2026-01-13T18:29:00+08:00,41.86696,55.14694,112.33933,80.6344,24.32605,0.18554,0
2026-01-13T18:30:00+08:00,40.1407,57.98741,114.69532,74.39806,24.55203,0.18569,0
2026-01-13T18:31:00+08:00,42.12719,57.87467,120.34971,75.7937,23.63287,0.18139,0
2026-01-13T18:32:00+08:00,45.61422,55.86689,117.35203,74.50298,24.64822,0.17651,0
2026-01-13T18:33:00+08:00,43.07557,59.44982,107.46017,78.0221,25.99667,0.19283,0
2026-01-13T18:34:00+08:00,41.69575,55.80183,110.73724,77.03333,24.64004,0.16737,0
2026-01-13T18:35:00+08:00,42.48846,56.39911,113.51781,82.46755,23.5839,0.17108,0
2026-01-13T18:36:00+08:00,41.95702,58.25335,114.07141,73.73514,24.07215,0.17327,0
2026-01-13T18:37:00+08:00,44.43388,60.87595,116.81439,76.00857,23.76203,0.16575,0
2026-01-13T18:38:00+08:00,45.09216,58.21381,111.43297,79.74217,24.3276,0.19283,0
2026-01-13T18:39:00+08:00,44.13935,57.02952,108.61116,75.42938,25.00032,0.17556,0
2026-01-13T18:40:00+08:00,44.19616,55.76586,116.82516,76.51687,23.07995,0.17853,0
2026-01-13T18:41:00+08:00,44.84329,55.4347,107.02626,75.02964,25.98668,0.17185,0
2026-01-13T18:42:00+08:00,43.78429,57.29223,108.80738,75.33026,23.55407,0.17497,0
2026-01-13T18:43:00+08:00,39.59363,56.78991,115.54442,74.57787,24.81502,0.18606,0
2026-01-13T18:44:00+08:00,42.13436,55.85864,107.83504,69.50494,23.45624,0.17919,0
2026-01-13T18:45:00+08:00,44.95543,57.20153,105.08754,69.06428,23.36117,0.18651,0
2026-01-13T18:46:00+08:00,41.06772,57.04665,107.58542,74.9579,21.9484,0.19537,0
2026-01-13T18:47:00+08:00,39.03352,57.19013,106.14992,71.84679,22.99741,0.17631,0
2026-01-13T18:48:00+08:00,41.40809,57.34067,113.5187,72.54481,24.57612,0.17258,0
2026-01-13T18:49:00+08:00,42.05365,56.32059,102.65799,71.42121,23.29856,0.16928,0
2026-01-13T18:50:00+08:00,40.37237,56.68036,104.17852,61.35295,24.16214,0.16409,0
2026-01-13T18:51:00+08:00,37.65194,53.88173,101.48084,67.78868,21.79023,0.15732,0
2026-01-13T18:52:00+08:00,39.58622,57.76777,106.12042,72.12877,21.9134,0.16576,0
2026-01-13T18:53:00+08:00,38.89816,54.05564,98.74105,70.60722,23.03346,0.16349,0
2026-01-13T18:54:00+08:00,35.48083,54.31521,92.52389,67.5572,22.08271,0.15731,0
2026-01-13T18:55:00+08:00,37.57748,55.03157,99.8955,63.0274,21.42902,0.16441,0
2026-01-13T18:56:00+08:00,39.50785,53.932,100.27687,68.58612,21.2895,0.17231,0
2026-01-13T18:57:00+08:00,38.37205,55.8837,98.7679,72.37775,20.7295,0.18336,0
2026-01-13T18:58:00+08:00,37.15579,55.64515,93.88061,67.20892,22.39342,0.14005,0
2026-01-13T18:59:00+08:00,35.07064,50.94407,93.65604,61.64429,20.74986,0.19074,0
2026-01-13T19:00:00+08:00,38.07953,51.69478,96.46436,65.95034,20.49088,0.1537,0
2026-01-13T19:01:00+08:00,35.14187,51.66873,87.74644,63.58132,20.7475,0.14095,0
2026-01-13T19:02:00+08:00,32.9109,53.17219,96.63824,62.40022,21.99677,0.14003,0
2026-01-13T19:03:00+08:00,34.42495,52.71542,94.54517,59.90859,22.1656,0.12616,0
2026-01-13T19:04:00+08:00,36.94506,53.19864,93.86429,65.94243,21.11478,0.13786,0
2026-01-13T19:05:00+08:00,34.76235,55.43437,86.2657,68.04413,20.62001,0.14109,0
2026-01-13T19:06:00+08:00,31.94574,52.6613,80.63199,60.2595,19.98483,0.1323,0
2026-01-13T19:07:00+08:00,34.81852,52.63235,87.04365,60.41314,20.50856,0.14692,0
2026-01-13T19:08:00+08:00,32.17686,53.06561,89.89203,57.92249,19.91579,0.15338,0
2026-01-13T19:09:00+08:00,34.48184,52.60904,93.55983,58.42012,19.32671,0.14263,0
2026-01-13T19:10:00+08:00,36.20723,53.14578,88.93543,66.07758,19.9464,0.17516,0
2026-01-13T19:11:00+08:00,32.69576,51.66307,89.7192,60.84713,19.51948,0.18031,0
2026-01-13T19:12:00+08:00,34.33691,53.64497,88.57834,60.07183,21.22836,0.12523,0
2026-01-13T19:13:00+08:00,31.89396,52.80041,98.07208,60.94948,20.75498,0.14804,0
2026-01-13T19:14:00+08:00,36.50963,51.1583,95.5115,61.79811,21.30294,0.13784,0
2026-01-13T19:15:00+08:00,34.4797,53.19637,87.41248,58.92417,20.05195,0.1511,0
2026-01-13T19:16:00+08:00,33.36326,53.02478,83.65833,62.06763,21.61151,0.15962,0
2026-01-13T19:17:00+08:00,34.88563,53.90621,89.66918,68.50487,22.67782,0.15372,0
2026-01-13T19:18:00+08:00,40.0439,52.85033,88.32898,61.98637,20.75473,0.18284,0
2026-01-13T19:19:00+08:00,35.23087,52.76972,90.90647,68.04429,21.99236,0.14775,0
2026-01-13T19:20:00+08:00,32.72993,52.57841,104.8493,67.21835,21.30145,0.17967,0
2026-01-13T19:21:00+08:00,40.00912,54.16076,97.01873,63.94548,21.13751,0.13741,0
2026-01-13T19:22:00+08:00,34.18292,52.13152,103.40022,61.55238,23.30121,0.1486,0
2026-01-13T19:23:00+08:00,40.37336,54.05949,91.01737,70.63153,22.96013,0.14767,0
2026-01-13T19:24:00+08:00,37.02419,53.51725,99.10289,67.63944,21.53222,0.13714,0
2026-01-13T19:25:00+08:00,36.94078,55.76587,99.49576,66.85534,21.15685,0.15416,0
2026-01-13T19:26:00+08:00,40.87372,53.52012,104.94724,68.48062,22.35538,0.15383,0
2026-01-13T19:27:00+08:00,38.03792,55.13733,99.50207,69.81017,22.68014,0.19278,0
2026-01-13T19:28:00+08:00,39.48415,52.79269,108.63431,68.6504,24.20409,0.18478,0
2026-01-13T19:29:00+08:00,38.36194,56.34051,100.50777,69.68154,23.11696,0.18115,0
2026-01-13T19:30:00+08:00,41.14392,55.61144,116.49153,68.95144,21.16654,0.14923,0
2026-01-13T19:31:00+08:00,42.41786,55.51377,105.40019,68.75049,22.29842,0.15821,0
2026-01-13T19:32:00+08:00,40.81412,55.57314,107.24028,71.6841,22.40313,0.1502,0
2026-01-13T19:33:00+08:00,37.35321,59.70707,112.84378,74.92862,22.24711,0.16989,0
2026-01-13T19:34:00+08:00,38.80521,54.12552,102.82268,75.08265,23.66582,0.15765,0
2026-01-13T19:35:00+08:00,39.81098,56.84999,103.15119,71.49254,23.31272,0.17572,0
2026-01-13T19:36:00+08:00,40.90796,55.05755,103.4177,67.95691,21.575,0.1694,0
2026-01-13T19:37:00+08:00,41.96172,54.13097,107.63334,73.77169,21.34392,0.16753,0
2026-01-13T19:38:00+08:00,43.46824,56.64826,96.94499,73.41082,22.32906,0.18008,0
2026-01-13T19:39:00+08:00,39.24821,55.85549,103.57595,71.42426,22.48559,0.16813,0
2026-01-13T19:40:00+08:00,38.33474,56.54536,107.04975,66.50873,23.87396,0.1686,0
2026-01-13T19:41:00+08:00,40.68058,56.87511,107.67415,74.7662,22.6918,0.18412,0
2026-01-13T19:42:00+08:00,40.53065,56.50681,107.86818,74.87846,23.57303,0.16463,0
2026-01-13T19:43:00+08:00,39.06011,55.74149,101.8324,67.86399,20.97051,0.14991,0
2026-01-13T19:44:00+08:00,43.68206,54.90726,114.90776,72.0785,22.79855,0.15016,0
2026-01-13T19:45:00+08:00,40.0037,58.17211,112.92028,71.53028,21.76432,0.15683,0
2026-01-13T19:46:00+08:00,38.34491,57.32428,113.0262,71.12993,22.47906,0.18899,0
2026-01-13T19:47:00+08:00,38.0041,55.68117,106.92175,67.79092,22.13389,0.15917,0
2026-01-13T19:48:00+08:00,42.20766,58.0562,104.93408,69.42042,22.12316,0.16809,0
2026-01-13T19:49:00+08:00,38.5696,55.39957,106.2033,68.86977,22.45337,0.1653,0
2026-01-13T19:50:00+08:00,60.9055,54.91631,172.75867,102.6551,24.0077,0.16918,1
2026-01-13T19:51:00+08:00,62.51103,56.40531,165.26083,105.13263,21.63616,0.16398,1
2026-01-13T19:52:00+08:00,62.63007,54.68604,171.74594,100.71266,22.20159,0.18221,1
2026-01-13T19:53:00+08:00,61.04846,54.36049,165.38711,98.71051,21.63186,0.18073,1
2026-01-13T19:54:00+08:00,60.32167,54.84053,157.0446,102.92227,23.61918,0.17506,1
2026-01-13T19:55:00+08:00,59.0814,54.6446,168.66395,104.29275,20.76299,0.16513,1
2026-01-13T19:56:00+08:00,62.52865,56.26854,173.37151,103.33641,22.65129,0.164,1
2026-01-13T19:57:00+08:00,61.45879,55.27431,165.96242,99.11204,23.69196,0.1722,1
2026-01-13T19:58:00+08:00,59.10002,56.23153,167.38461,107.13129,22.01713,0.17545,1
2026-01-13T19:59:00+08:00,60.52708,54.27416,175.72561,108.13016,22.65397,0.17817,1
2026-01-13T20:00:00+08:00,60.99957,55.19193,172.13139,104.37762,23.07948,0.16018,1
2026-01-13T20:01:00+08:00,64.01483,56.62851,173.30128,104.57196,22.89694,0.15568,1
2026-01-13T20:02:00+08:00,62.72096,53.04184,164.23827,113.40612,23.44707,0.1675,1
2026-01-13T20:03:00+08:00,61.50123,54.79203,173.74242,109.30763,24.64677,0.17094,1
2026-01-13T20:04:00+08:00,63.62785,54.56158,171.81857,111.41977,23.07335,0.16841,1
2026-01-13T20:05:00+08:00,64.52901,58.51523,175.3033,114.91909,24.13567,0.19031,1
2026-01-13T20:06:00+08:00,63.29195,56.46933,174.59059,113.76662,24.46895,0.17945,1
2026-01-13T20:07:00+08:00,66.44362,56.21005,181.11958,115.85536,24.55597,0.18126,1
2026-01-13T20:08:00+08:00,66.64923,55.99433,178.82667,114.42332,22.94954,0.18747,1
2026-01-13T20:09:00+08:00,63.63668,56.8228,179.22065,112.07144,24.42812,0.18402,1
2026-01-13T20:10:00+08:00,64.94285,58.34659,176.42305,121.89132,24.46914,0.16984,1
2026-01-13T20:11:00+08:00,65.19275,59.33381,179.44468,111.71523,25.55417,0.18161,1
2026-01-13T20:12:00+08:00,68.69215,59.29452,184.12316,123.782,23.45413,0.17835,1
2026-01-13T20:13:00+08:00,67.60789,61.25464,193.00395,121.24978,24.51273,0.18215,1
2026-01-13T20:14:00+08:00,67.12606,57.53189,192.73202,117.43651,25.34664,0.20299,1
2026-01-13T20:15:00+08:00,66.16333,58.8503,181.01891,118.0563,25.13529,0.18656,1
2026-01-13T20:16:00+08:00,70.09045,59.29518,186.6081,120.80405,25.09201,0.20559,1
2026-01-13T20:17:00+08:00,69.82175,58.59677,184.89572,119.69425,27.76074,0.19772,1
2026-01-13T20:18:00+08:00,68.61878,60.6282,187.62026,121.96372,25.72639,0.21693,1
2026-01-13T20:19:00+08:00,70.07416,61.44759,185.78234,120.88918,27.71501,0.20411,1
2026-01-13T20:20:00+08:00,75.65409,59.46388,193.29195,128.09466,25.26365,0.18216,1
2026-01-13T20:21:00+08:00,70.52696,61.03976,184.85675,124.7324,27.25759,0.23104,1
2026-01-13T20:22:00+08:00,74.19654,60.60812,200.5149,125.06624,26.5118,0.19124,1
2026-01-13T20:23:00+08:00,71.60525,60.21795,195.31534,117.49457,26.85444,0.20762,1
2026-01-13T20:24:00+08:00,73.88856,62.50184,195.99225,121.5613,25.52493,0.21716,1
2026-01-13T20:25:00+08:00,71.56727,61.61187,202.57367,119.98438,27.75115,0.22585,1
2026-01-13T20:26:00+08:00,75.14912,57.83821,191.7371,121.03781,27.79706,0.21507,1
2026-01-13T20:27:00+08:00,68.59585,60.23123,200.32259,125.5183,27.51246,0.20544,1
2026-01-13T20:28:00+08:00,71.63713,60.63921,196.78783,127.05037,28.04414,0.21163,1
2026-01-13T20:29:00+08:00,75.55969,60.19353,189.41154,126.70095,27.54928,0.21713,1
2026-01-13T20:30:00+08:00,71.314,63.00947,200.18682,124.40745,26.5941,0.22468,1
2026-01-13T20:31:00+08:00,71.56512,63.60333,193.47295,130.37338,27.25329,0.23108,1
2026-01-13T20:32:00+08:00,72.14306,60.6527,200.3742,127.08027,28.37702,0.2039,1
2026-01-13T20:33:00+08:00,73.49782,62.1994,192.54838,126.63928,27.14082,0.21248,1
2026-01-13T20:34:00+08:00,73.34152,59.48494,194.415,125.13384,27.18328,0.22969,1
2026-01-13T20:35:00+08:00,74.81966,60.80629,191.47395,121.95898,28.97712,0.19545,1
2026-01-13T20:36:00+08:00,72.99109,60.80615,193.24028,121.11645,26.40805,0.2007,1
2026-01-13T20:37:00+08:00,71.2695,61.96029,194.20372,122.20944,27.1149,0.21564,1
2026-01-13T20:38:00+08:00,71.66705,61.29573,187.3011,126.92443,26.90689,0.2054,1
2026-01-13T20:39:00+08:00,70.76548,58.40933,184.69614,120.73011,27.33407,0.19255,1
2026-01-13T20:40:00+08:00,68.94057,58.70155,190.45362,121.57461,26.57511,0.21745,1
2026-01-13T20:41:00+08:00,73.68524,62.36564,183.58765,119.62747,27.20327,0.19709,1
2026-01-13T20:42:00+08:00,72.69331,59.90235,198.93921,124.90514,27.41247,0.19659,1
2026-01-13T20:43:00+08:00,70.67877,59.11211,182.85157,125.77845,27.01253,0.19642,1
2026-01-13T20:44:00+08:00,72.92012,58.56846,180.54498,123.98189,25.07804,0.19735,1
2026-01-13T20:45:00+08:00,48.67198,59.77294,128.35848,84.31535,26.61529,0.18865,0
2026-01-13T20:46:00+08:00,48.57503,57.2051,131.34302,78.00001,25.70636,0.18087,0
2026-01-13T20:47:00+08:00,46.49438,59.07832,120.34748,85.30228,26.12768,0.19116,0
2026-01-13T20:48:00+08:00,47.35354,60.55446,127.04489,78.14652,25.22501,0.20258,0
2026-01-13T20:49:00+08:00,48.0401,57.52195,125.81202,78.61887,26.93506,0.20261,0
2026-01-13T20:50:00+08:00,45.20368,58.12983,118.96173,81.5384,25.51288,0.18026,0
2026-01-13T20:51:00+08:00,44.59741,59.47391,122.81878,81.18386,25.88649,0.18662,0
2026-01-13T20:52:00+08:00,47.33432,62.01568,127.02285,79.85353,25.13022,0.15711,0
2026-01-13T20:53:00+08:00,48.85371,59.7069,118.26386,76.31925,24.53228,0.19981,0
2026-01-13T20:54:00+08:00,46.72727,59.56539,121.31926,83.45468,25.88785,0.20466,0
2026-01-13T20:55:00+08:00,43.11544,57.05687,119.03966,83.77709,27.24322,0.19171,0
2026-01-13T20:56:00+08:00,45.79471,56.12806,125.22195,78.91451,28.22072,0.1843,0
2026-01-13T20:57:00+08:00,50.73226,59.66263,115.8707,81.32895,26.27135,0.19115,0
2026-01-13T20:58:00+08:00,48.52496,59.78214,124.16248,80.68857,24.54919,0.19335,0
2026-01-13T20:59:00+08:00,47.43162,56.32458,122.25121,80.58774,24.47892,0.19037,0
2026-01-13T21:00:00+08:00,46.67295,61.32381,122.77894,84.1571,25.58768,0.17076,0
2026-01-13T21:01:00+08:00,48.58234,58.01813,120.31543,78.08698,25.81434,0.20946,0
2026-01-13T21:02:00+08:00,49.20363,61.0012,130.98197,75.32624,24.73562,0.17265,0
2026-01-13T21:03:00+08:00,48.82563,58.1082,120.26988,81.04757,26.21958,0.17743,0
2026-01-13T21:04:00+08:00,45.59244,59.08385,129.09863,81.86437,25.23086,0.16942,0
2026-01-13T21:05:00+08:00,49.74596,58.19949,117.76258,77.04138,24.71727,0.18547,0
2026-01-13T21:06:00+08:00,47.77209,57.65807,124.81886,81.69211,28.0806,0.17642,0
2026-01-13T21:07:00+08:00,48.65721,59.52615,119.1136,82.95225,26.83925,0.20042,0
2026-01-13T21:08:00+08:00,51.01232,56.53484,120.40664,87.3113,27.02894,0.20674,0
2026-01-13T21:09:00+08:00,50.87867,56.93371,128.91263,86.27722,25.67072,0.23439,0
2026-01-13T21:10:00+08:00,49.1315,56.62572,127.11339,81.09481,27.35973,0.20776,0
2026-01-13T21:11:00+08:00,47.79758,61.47055,130.12318,80.90744,26.2127,0.2077,0
2026-01-13T21:12:00+08:00,48.28672,59.11202,125.76625,80.29175,24.36747,0.20433,0
2026-01-13T21:13:00+08:00,45.40026,58.27203,116.81131,78.59793,26.77583,0.19847,0
2026-01-13T21:14:00+08:00,48.51928,57.85407,122.39938,84.67851,26.34688,0.21207,0
2026-01-13T21:15:00+08:00,50.68922,59.223,116.34346,81.23301,26.2929,0.19116,0
2026-01-13T21:16:00+08:00,46.98271,59.61112,137.59387,81.93691,26.34989,0.18395,0
2026-01-13T21:17:00+08:00,51.0077,60.60984,129.21628,87.32164,25.92322,0.19667,0
2026-01-13T21:18:00+08:00,51.69425,60.2296,113.74153,84.38799,25.72306,0.21174,0
2026-01-13T21:19:00+08:00,49.15576,57.06059,125.73505,83.37619,26.49552,0.20684,0
2026-01-13T21:20:00+08:00,50.87582,59.75938,123.96153,85.8483,28.0917,0.21041,0
2026-01-13T21:21:00+08:00,48.27425,59.66361,124.48725,82.05995,27.90988,0.18777,0
2026-01-13T21:22:00+08:00,49.66081,58.80009,115.07099,80.98073,25.34069,0.20387,0
2026-01-13T21:23:00+08:00,47.38563,57.48049,129.0037,84.30081,27.11596,0.19816,0
2026-01-13T21:24:00+08:00,46.75873,59.55308,117.85103,80.85168,25.37111,0.17466,0
2026-01-13T21:25:00+08:00,46.61922,57.87952,118.53536,80.93393,26.5012,0.18107,0
2026-01-13T21:26:00+08:00,45.31875,57.25877,114.53379,77.39423,24.99302,0.19806,0
2026-01-13T21:27:00+08:00,46.00754,56.66783,124.02678,81.30572,24.16123,0.20459,0
2026-01-13T21:28:00+08:00,45.50067,57.61611,118.1611,77.65438,25.25544,0.18926,0
2026-01-13T21:29:00+08:00,43.76568,54.95487,117.77429,75.84052,25.24937,0.19117,0
2026-01-13T21:30:00+08:00,43.19196,58.68035,114.89337,76.65916,24.2028,0.20481,0
2026-01-13T21:31:00+08:00,41.96712,56.68809,106.38703,77.53876,23.57646,0.17479,0
2026-01-13T21:32:00+08:00,41.74709,56.94336,105.00924,67.80966,24.28297,0.15137,0
2026-01-13T21:33:00+08:00,43.63988,58.64141,109.12729,77.61623,23.61914,0.19758,0
2026-01-13T21:34:00+08:00,40.7093,53.29587,108.24157,78.0246,23.89367,0.16805,0
2026-01-13T21:35:00+08:00,41.55873,57.39105,106.92438,79.97446,22.72101,0.18577,0
2026-01-13T21:36:00+08:00,41.78736,54.98274,103.97122,74.36269,23.09666,0.17517,0
2026-01-13T21:37:00+08:00,36.93792,56.5168,106.31113,70.35493,23.07787,0.16355,0
2026-01-13T21:38:00+08:00,38.30607,55.13048,101.38527,76.35801,23.36928,0.15445,0
2026-01-13T21:39:00+08:00,42.55187,54.67437,102.74508,71.81588,20.58163,0.16223,0
2026-01-13T21:40:00+08:00,37.39959,55.30872,103.40817,68.24193,22.06135,0.17753,0
2026-01-13T21:41:00+08:00,38.55276,54.91532,101.33383,73.37922,22.15944,0.15549,0
2026-01-13T21:42:00+08:00,34.18881,52.83231,97.37918,66.99631,21.34994,0.16537,0
2026-01-13T21:43:00+08:00,36.25557,53.35926,101.98639,70.93517,20.7151,0.16274,0
2026-01-13T21:44:00+08:00,33.54473,52.50042,95.28186,69.79579,20.88866,0.14787,0
2026-01-13T21:45:00+08:00,36.77602,54.35295,93.69962,71.97447,21.2456,0.15902,0
2026-01-13T21:46:00+08:00,35.76859,54.78273,103.29889,70.69356,20.71068,0.17107,0
2026-01-13T21:47:00+08:00,37.30576,55.40247,96.26366,64.89079,22.16868,0.16854,0
2026-01-13T21:48:00+08:00,39.00282,54.33719,95.8872,57.88404,19.82367,0.15053,0
2026-01-13T21:49:00+08:00,34.11373,55.09936,89.6685,63.63271,20.82243,0.171,0
2026-01-13T21:50:00+08:00,34.9536,54.60889,97.08923,67.77905,21.98457,0.15474,0
2026-01-13T21:51:00+08:00,32.98779,53.71636,95.99422,65.91677,20.55265,0.16998,0
2026-01-13T21:52:00+08:00,36.09597,52.83398,93.87219,70.88771,21.82652,0.16889,0
2026-01-13T21:53:00+08:00,34.26186,53.16312,92.90539,65.74849,21.09809,0.14912,0
2026-01-13T21:54:00+08:00,35.57845,53.06794,95.63515,68.67361,19.93168,0.16034,0
2026-01-13T21:55:00+08:00,38.84329,53.91577,94.17648,68.28573,20.45785,0.15599,0
2026-01-13T21:56:00+08:00,34.63724,51.78699,96.40342,61.9369,21.39308,0.17131,0
2026-01-13T21:57:00+08:00,40.01686,54.41267,102.64854,67.16717,21.12688,0.1324,0
2026-01-13T21:58:00+08:00,39.79326,53.00713,104.89231,67.84695,20.66782,0.16215,0
2026-01-13T21:59:00+08:00,40.9029,56.4522,95.86767,64.38358,21.71565,0.15665,0
2026-01-13T22:00:00+08:00,39.42851,55.50532,90.43933,68.18886,21.54641,0.16001,0
2026-01-13T22:01:00+08:00,37.92515,56.19137,104.26507,64.86084,21.73807,0.15444,0
2026-01-13T22:02:00+08:00,34.65608,54.57928,109.07156,62.26874,21.85171,0.16028,0
2026-01-13T22:03:00+08:00,38.40167,53.55578,93.18015,63.55527,23.15134,0.14895,0
2026-01-13T22:04:00+08:00,37.17471,57.62485,97.06912,68.98995,22.987,0.17561,0
2026-01-13T22:05:00+08:00,35.85322,54.03695,102.6548,74.00141,21.41466,0.15662,0
2026-01-13T22:06:00+08:00,39.16377,55.83779,104.9065,65.9017,21.68457,0.1664,0
2026-01-13T22:07:00+08:00,40.81829,54.78117,101.70822,65.55955,23.89536,0.1661,0
2026-01-13T22:08:00+08:00,40.59995,55.17886,102.50631,64.29906,20.32831,0.18077,0
2026-01-13T22:09:00+08:00,38.8882,55.44594,96.03518,66.21609,23.25515,0.18744,0
2026-01-13T22:10:00+08:00,37.68903,56.07607,103.36687,68.64888,23.98969,0.15913,0
2026-01-13T22:11:00+08:00,41.07072,55.71189,102.40112,73.16953,22.5961,0.16388,0
2026-01-13T22:12:00+08:00,41.32011,56.83995,108.49466,57.38961,22.73101,0.16789,0
2026-01-13T22:13:00+08:00,38.74324,55.99528,103.71648,71.04198,22.08123,0.1845,0
2026-01-13T22:14:00+08:00,40.14632,55.88138,104.74103,72.39216,23.21721,0.16333,0
2026-01-13T22:15:00+08:00,40.43507,55.36306,111.64752,72.08249,21.69796,0.19477,0
2026-01-13T22:16:00+08:00,34.74843,55.91375,98.30642,74.26382,22.44036,0.15372,0
2026-01-13T22:17:00+08:00,37.90503,54.09391,99.9219,67.4208,21.47785,0.16703,0
2026-01-13T22:18:00+08:00,38.91682,53.65306,92.76606,69.09375,22.56377,0.1724,0
2026-01-13T22:19:00+08:00,39.01058,56.90959,105.59898,75.92301,24.79797,0.13935,0
2026-01-13T22:20:00+08:00,33.85054,54.76413,102.64776,67.35147,22.55538,0.15793,0
2026-01-13T22:21:00+08:00,36.32774,53.97004,98.6034,69.78319,21.39267,0.15688,0
2026-01-13T22:22:00+08:00,38.36307,54.31443,104.63881,64.15102,20.71194,0.16373,0
2026-01-13T22:23:00+08:00,37.81665,53.34224,105.20695,72.33042,21.0705,0.17822,0
2026-01-13T22:24:00+08:00,32.55006,55.75804,93.62638,69.12521,20.67001,0.1571,0
2026-01-13T22:25:00+08:00,35.12982,53.97397,106.49368,65.51622,23.33448,0.15208,0
2026-01-13T22:26:00+08:00,39.02902,52.03396,95.35337,63.88287,22.72147,0.15864,0
2026-01-13T22:27:00+08:00,32.35134,52.34393,91.18786,67.95914,21.96846,0.15149,0
2026-01-13T22:28:00+08:00,34.90337,54.88445,90.10252,66.21684,21.49154,0.15104,0
2026-01-13T22:29:00+08:00,36.40644,54.00013,97.77995,60.55572,21.6293,0.16724,0
2026-01-13T22:30:00+08:00,36.09165,54.57327,94.3394,66.97962,21.0643,0.13834,0
2026-01-13T22:31:00+08:00,36.84101,51.60331,95.96161,62.93965,20.54254,0.15497,0
2026-01-13T22:32:00+08:00,33.96968,54.34289,94.56146,62.07154,22.10292,0.15497,0
2026-01-13T22:33:00+08:00,36.29806,55.48269,101.08687,65.54309,20.59265,0.13342,0
2026-01-13T22:34:00+08:00,35.4883,55.04421,95.75159,53.40376,21.62956,0.16395,0
2026-01-13T22:35:00+08:00,34.56766,54.90338,97.10521,61.67184,21.98811,0.13534,0
2026-01-13T22:36:00+08:00,35.04243,53.42967,89.9196,64.69063,22.03752,0.16817,0
2026-01-13T22:37:00+08:00,36.52726,51.46301,87.54804,64.39088,20.85905,0.14576,0
2026-01-13T22:38:00+08:00,38.77803,53.85838,97.22281,67.0329,20.98884,0.18636,0
2026-01-13T22:39:00+08:00,33.82465,53.00524,90.18259,68.99843,21.7288,0.1462,0
2026-01-13T22:40:00+08:00,34.1762,55.68515,97.19398,68.84722,21.03834,0.16069,0
2026-01-13T22:41:00+08:00,36.5298,53.18411,95.25503,61.43193,21.64045,0.16486,0
2026-01-13T22:42:00+08:00,38.07306,54.99113,96.02357,70.0713,22.11939,0.17409,0
2026-01-13T22:43:00+08:00,39.24591,54.10826,99.38761,68.22883,20.41921,0.14261,0
2026-01-13T22:44:00+08:00,34.67684,54.29473,96.65479,62.14385,21.74066,0.15738,0
2026-01-13T22:45:00+08:00,39.5621,57.23147,101.56012,64.95878,22.35568,0.16024,0
2026-01-13T22:46:00+08:00,37.45357,53.68812,97.98929,67.16062,22.67801,0.16838,0
2026-01-13T22:47:00+08:00,41.65323,55.89115,103.5322,67.46301,21.21316,0.15605,0
2026-01-13T22:48:00+08:00,37.61457,51.90266,97.52663,73.91275,22.68145,0.16037,0
2026-01-13T22:49:00+08:00,40.12005,52.91891,105.18829,73.6936,22.45211,0.14412,0
2026-01-13T22:50:00+08:00,39.20309,57.35512,106.31756,66.38532,24.91014,0.1528,0
2026-01-13T22:51:00+08:00,40.06845,54.58242,101.11877,70.08028,23.57482,0.18787,0
2026-01-13T22:52:00+08:00,40.37544,54.8599,109.983,73.76752,23.44455,0.17669,0
2026-01-13T22:53:00+08:00,41.43509,56.54376,107.97794,76.2646,25.4607,0.17747,0
2026-01-13T22:54:00+08:00,42.19047,56.99075,106.88707,76.15536,24.07798,0.17168,0
2026-01-13T22:55:00+08:00,44.38315,56.92158,106.59984,75.71114,24.11706,0.19163,0
2026-01-13T22:56:00+08:00,44.80113,56.98844,110.33522,75.44002,24.44872,0.18738,0
2026-01-13T22:57:00+08:00,44.37505,57.2388,118.88697,74.1664,26.56447,0.19289,0
2026-01-13T22:58:00+08:00,42.31013,57.81492,118.92538,75.86562,23.19021,0.17128,0
2026-01-13T22:59:00+08:00,45.7974,55.4997,108.91702,79.21284,24.52836,0.17746,0
2026-01-13T23:00:00+08:00,44.38445,56.06293,119.62218,75.83032,24.42781,0.19263,0
2026-01-13T23:01:00+08:00,45.23442,57.23953,108.2159,79.95421,25.14964,0.1829,0
2026-01-13T23:02:00+08:00,44.21571,58.33789,121.44928,79.6976,26.70747,0.20017,0
2026-01-13T23:03:00+08:00,46.23957,59.43091,120.08943,80.03941,26.5398,0.18058,0
2026-01-13T23:04:00+08:00,46.78548,60.15099,122.10158,79.24073,23.96187,0.16386,0
2026-01-13T23:05:00+08:00,50.75143,59.12148,118.25519,81.7831,24.75282,0.19003,0
2026-01-13T23:06:00+08:00,45.55063,56.98174,111.17638,76.27034,26.61689,0.18233,0
2026-01-13T23:07:00+08:00,48.39622,60.14368,122.21641,80.43774,25.89309,0.19042,0
2026-01-13T23:08:00+08:00,49.74901,61.4032,129.72215,75.09099,25.43947,0.19642,0
2026-01-13T23:09:00+08:00,48.52446,56.7649,114.00496,85.62173,25.37317,0.17742,0
2026-01-13T23:10:00+08:00,45.77526,59.54839,118.7714,82.52746,25.02387,0.17433,0
2026-01-13T23:11:00+08:00,50.3604,59.5733,121.2947,80.28808,27.23702,0.20482,0
2026-01-13T23:12:00+08:00,49.86176,58.29727,123.21905,83.06017,25.42394,0.19589,0
2026-01-13T23:13:00+08:00,46.71714,59.56205,116.29049,83.52682,26.1867,0.19438,0
2026-01-13T23:14:00+08:00,48.51932,58.54423,119.41549,83.36002,26.41239,0.19023,0
2026-01-13T23:15:00+08:00,46.56125,58.74588,119.81996,86.18785,26.13633,0.19672,0
2026-01-13T23:16:00+08:00,45.84829,59.90091,119.28985,79.50918,26.50623,0.2012,0
2026-01-13T23:17:00+08:00,42.90344,58.68475,122.70678,80.2807,25.90818,0.17222,0
2026-01-13T23:18:00+08:00,42.18453,57.56634,123.19494,71.43995,24.95296,0.17029,0
2026-01-13T23:19:00+08:00,46.70703,61.32116,120.38556,80.59714,26.41281,0.19508,0
2026-01-13T23:20:00+08:00,46.61724,59.92073,123.51194,81.58619,25.47679,0.1898,0
2026-01-13T23:21:00+08:00,48.51706,58.21952,126.99319,77.38164,26.83687,0.19994,0
2026-01-13T23:22:00+08:00,44.9905,59.2619,117.28303,80.43437,25.05558,0.19161,0
2026-01-13T23:23:00+08:00,48.30607,59.22185,114.62801,76.95498,25.68829,0.19736,0
2026-01-13T23:24:00+08:00,45.28897,60.56998,124.07427,78.12752,24.75116,0.18955,0
2026-01-13T23:25:00+08:00,45.81463,60.09528,124.7214,79.97945,25.9749,0.20288,0
2026-01-13T23:26:00+08:00,46.44668,58.95561,122.60936,81.23683,24.6358,0.18312,0
2026-01-13T23:27:00+08:00,45.77598,57.49367,112.16695,81.73564,25.62995,0.17436,0
2026-01-13T23:28:00+08:00,45.84178,58.16418,120.39642,76.43342,24.09158,0.19845,0
2026-01-13T23:29:00+08:00,43.52269,58.10489,117.87549,79.32132,25.54098,0.21251,0
2026-01-13T23:30:00+08:00,43.44313,59.56336,107.03286,83.92716,23.49031,0.22354,0
2026-01-13T23:31:00+08:00,45.69011,60.13108,125.17322,78.53581,25.0329,0.18123,0
2026-01-13T23:32:00+08:00,47.91005,57.9464,115.8886,81.60153,24.58966,0.1882,0
2026-01-13T23:33:00+08:00,46.8183,57.71863,117.82913,84.78424,25.26639,0.18827,0
2026-01-13T23:34:00+08:00,46.47408,59.21478,115.49196,81.69494,25.74596,0.17028,0
2026-01-13T23:35:00+08:00,50.21278,60.60611,117.10145,77.32289,25.79849,0.17569,0
2026-01-13T23:36:00+08:00,49.66105,58.1933,129.72124,78.53442,25.58115,0.21149,0
2026-01-13T23:37:00+08:00,46.87204,59.26252,127.64356,79.69453,24.64598,0.17694,0
2026-01-13T23:38:00+08:00,48.77632,59.5309,128.11091,80.92949,24.60279,0.16629,0
2026-01-13T23:39:00+08:00,53.18146,59.83606,124.15626,83.00611,24.71945,0.18759,0
2026-01-13T23:40:00+08:00,51.46744,60.1399,120.3636,78.93304,25.66765,0.19493,0
2026-01-13T23:41:00+08:00,52.34178,59.1781,118.9741,82.90036,26.49923,0.18354,0
2026-01-13T23:42:00+08:00,49.71059,61.13731,126.37722,81.16122,25.91869,0.17982,0
2026-01-13T23:43:00+08:00,49.08436,60.11484,121.97459,89.8552,27.24316,0.17928,0
2026-01-13T23:44:00+08:00,46.4745,58.57701,135.09923,87.19358,28.12717,0.20393,0
2026-01-13T23:45:00+08:00,49.62292,58.37824,129.74842,84.4115,26.5888,0.22603,0
2026-01-13T23:46:00+08:00,50.09948,61.87038,120.80683,93.53134,26.59482,0.21536,0
2026-01-13T23:47:00+08:00,52.19992,59.62799,133.55945,88.52819,26.41442,0.19817,0
2026-01-13T23:48:00+08:00,51.01817,60.25127,137.10649,88.44603,27.11127,0.21622,0
2026-01-13T23:49:00+08:00,47.52646,59.71886,132.20582,90.07529,27.46397,0.22828,0
2026-01-13T23:50:00+08:00,53.02016,59.98997,130.63211,88.30793,26.97937,0.23011,0
2026-01-13T23:51:00+08:00,49.67923,61.12877,135.50566,86.45242,26.98505,0.20999,0
2026-01-13T23:52:00+08:00,53.3196,60.14648,126.90226,91.10604,27.90257,0.22474,0
2026-01-13T23:53:00+08:00,53.37059,63.69263,138.15496,85.69033,28.02476,0.20491,0
2026-01-13T23:54:00+08:00,51.29203,59.0678,131.39104,89.64861,27.58436,0.19824,0
2026-01-13T23:55:00+08:00,49.43114,63.67651,134.5917,85.63148,28.08464,0.24122,0
2026-01-13T23:56:00+08:00,53.3081,57.31593,146.27007,82.58264,27.4911,0.19809,0
2026-01-13T23:57:00+08:00,50.83213,61.29722,122.59147,87.82088,28.69826,0.20177,0
2026-01-13T23:58:00+08:00,49.58782,60.71476,131.08619,86.2005,26.56662,0.21921,0
2026-01-13T23:59:00+08:00,53.04105,59.45876,127.86561,88.22315,26.71935,0.21436,0
